PassengerId,Survived,Pclass,Age,SibSp,Parch,Fare,Has_Cabin,Title_Encoded,FamilySize,IsAlone,Age_Group_Encoded,Fare_Group_Encoded,Sex_Encoded,Embarked_C,Embarked_Q,Embarked_S,Pclass_1,Pclass_2,Pclass_3,Woman_or_Child,Sex_Pclass,Age_Fare,Title_Pclass,FamilySize_Pclass,High_Fare,Title_Pclass_Match,FamilyType,Age_Category,Fare_Quartile
1,0.0,3,22.0,1,0,7.25,0,1,2,0,3,1,0,0,0,1,0,0,1,1,0,159.5,3,6,0,0,1,3,0
2,1.0,1,38.0,1,0,71.2833,1,3,2,0,3,4,1,1,0,0,1,0,0,0,1,2708.7653999999998,3,2,1,1,1,4,3
3,1.0,3,26.0,0,0,7.925,0,2,1,1,3,2,1,0,0,1,0,0,1,0,3,206.04999999999998,6,3,0,0,0,3,1
4,1.0,1,35.0,1,0,53.1,1,3,2,0,3,4,1,0,0,1,1,0,0,0,1,1858.5,3,2,1,1,1,3,3
5,0.0,3,35.0,0,0,8.05,0,1,1,1,3,2,0,0,0,1,0,0,1,1,0,281.75,3,3,0,0,0,3,1
6,0.0,3,25.0,0,0,8.4583,0,1,1,1,3,2,0,0,1,0,0,0,1,1,0,211.45749999999998,3,3,0,0,0,3,1
7,0.0,1,54.0,0,0,51.8625,1,1,1,1,3,4,0,0,0,1,1,0,0,1,0,2800.575,1,1,1,1,0,4,3
8,0.0,3,2.0,3,1,21.075,0,4,5,0,1,3,0,0,0,1,0,0,1,1,0,42.15,12,15,0,0,2,0,2
9,1.0,3,27.0,0,2,11.1333,0,3,3,0,3,2,1,0,0,1,0,0,1,0,3,300.5991,9,9,0,0,1,3,1
10,1.0,2,14.0,1,0,30.0708,0,3,2,0,2,3,1,1,0,0,0,1,0,1,2,420.9912,6,4,0,0,1,2,2
11,1.0,3,4.0,1,1,16.7,1,2,3,0,1,3,1,0,0,1,0,0,1,1,3,66.8,6,9,0,0,1,0,2
12,1.0,1,58.0,0,0,26.55,1,2,1,1,3,3,1,0,0,1,1,0,0,0,1,1539.9,2,1,0,1,0,4,2
13,0.0,3,20.0,0,0,8.05,0,1,1,1,3,2,0,0,0,1,0,0,1,1,0,161.0,3,3,0,0,0,3,1
14,0.0,3,39.0,1,5,31.275,0,1,7,0,3,3,0,0,0,1,0,0,1,1,0,1219.725,3,21,1,0,2,4,3
15,0.0,3,14.0,0,0,7.8542,0,2,1,1,2,1,1,0,0,1,0,0,1,1,3,109.9588,6,3,0,0,0,2,0
16,1.0,2,55.0,0,0,16.0,0,3,1,1,3,3,1,0,0,1,0,1,0,0,2,880.0,6,2,0,0,0,4,2
17,0.0,3,2.0,4,1,29.125,0,4,6,0,1,3,0,0,1,0,0,0,1,1,0,58.25,12,18,0,0,2,0,2
18,1.0,2,29.5,0,0,13.0,0,1,1,1,3,2,0,0,0,1,0,1,0,1,0,383.5,2,2,0,1,0,3,1
19,0.0,3,31.0,1,0,18.0,0,3,2,0,3,3,1,0,0,1,0,0,1,0,3,558.0,9,6,0,0,1,3,2
20,1.0,3,22.0,0,0,7.225,0,3,1,1,3,1,1,1,0,0,0,0,1,0,3,158.95,9,3,0,0,0,3,0
21,0.0,2,35.0,0,0,26.0,0,1,1,1,3,3,0,0,0,1,0,1,0,1,0,910.0,2,2,0,1,0,3,2
22,1.0,2,34.0,0,0,13.0,1,1,1,1,3,2,0,0,0,1,0,1,0,1,0,442.0,2,2,0,1,0,3,1
23,1.0,3,15.0,0,0,8.0292,0,2,1,1,2,2,1,0,1,0,0,0,1,1,3,120.43799999999999,6,3,0,0,0,2,1
24,1.0,1,28.0,0,0,35.5,1,1,1,1,3,4,0,0,0,1,1,0,0,1,0,994.0,1,1,1,1,0,3,3
25,0.0,3,8.0,3,1,21.075,0,2,5,0,1,3,1,0,0,1,0,0,1,1,3,168.6,6,15,0,0,2,1,2
26,1.0,3,38.0,1,5,31.3875,0,3,7,0,3,4,1,0,0,1,0,0,1,0,3,1192.725,9,21,1,0,2,4,3
27,0.0,3,25.0,0,0,7.225,0,1,1,1,3,1,0,1,0,0,0,0,1,1,0,180.625,3,3,0,0,0,3,0
28,0.0,1,19.0,3,2,133.65,1,1,6,0,3,4,0,0,0,1,1,0,0,1,0,2539.35,1,6,1,1,2,3,3
29,1.0,3,22.0,0,0,7.8792,0,2,1,1,3,1,1,0,1,0,0,0,1,0,3,173.3424,6,3,0,0,0,3,0
30,0.0,3,25.0,0,0,7.8958,0,1,1,1,3,1,0,0,0,1,0,0,1,1,0,197.395,3,3,0,0,0,3,0
31,0.0,1,40.0,0,0,27.7208,0,5,1,1,3,3,0,1,0,0,1,0,0,1,0,1108.832,5,1,0,0,0,4,2
32,1.0,1,36.0,1,0,133.65,1,3,2,0,3,4,1,1,0,0,1,0,0,0,1,4811.400000000001,3,2,1,1,1,4,3
33,1.0,3,22.0,0,0,7.75,0,2,1,1,3,1,1,0,1,0,0,0,1,0,3,170.5,6,3,0,0,0,3,0
34,0.0,2,66.0,0,0,10.5,0,1,1,1,4,2,0,0,0,1,0,1,0,1,0,693.0,2,2,0,1,0,5,1
35,0.0,1,28.0,1,0,82.1708,0,1,2,0,3,4,0,1,0,0,1,0,0,1,0,2300.7824,1,2,1,1,1,3,3
36,0.0,1,42.0,1,0,52.0,0,1,2,0,3,4,0,0,0,1,1,0,0,1,0,2184.0,1,2,1,1,1,4,3
37,1.0,3,25.0,0,0,7.2292,0,1,1,1,3,1,0,1,0,0,0,0,1,1,0,180.73,3,3,0,0,0,3,0
38,0.0,3,21.0,0,0,8.05,0,1,1,1,3,2,0,0,0,1,0,0,1,1,0,169.05,3,3,0,0,0,3,1
39,0.0,3,18.0,2,0,18.0,0,2,3,0,2,3,1,0,0,1,0,0,1,0,3,324.0,6,9,0,0,1,2,2
40,1.0,3,14.0,1,0,11.2417,0,2,2,0,2,2,1,1,0,0,0,0,1,1,3,157.3838,6,6,0,0,1,2,1
41,0.0,3,40.0,1,0,9.475,0,3,2,0,3,2,1,0,0,1,0,0,1,0,3,379.0,9,6,0,0,1,4,1
42,0.0,2,27.0,1,0,21.0,0,3,2,0,3,3,1,0,0,1,0,1,0,0,2,567.0,6,4,0,0,1,3,2
43,0.0,3,25.0,0,0,7.8958,0,1,1,1,3,1,0,1,0,0,0,0,1,1,0,197.395,3,3,0,0,0,3,0
44,1.0,2,3.0,1,2,41.5792,0,2,4,0,1,4,1,1,0,0,0,1,0,1,2,124.7376,4,8,1,1,1,0,3
45,1.0,3,19.0,0,0,7.8792,0,2,1,1,3,1,1,0,1,0,0,0,1,0,3,149.7048,6,3,0,0,0,3,0
46,0.0,3,25.0,0,0,8.05,0,1,1,1,3,2,0,0,0,1,0,0,1,1,0,201.25000000000003,3,3,0,0,0,3,1
47,0.0,3,25.0,1,0,15.5,0,1,2,0,3,3,0,0,1,0,0,0,1,1,0,387.5,3,6,0,0,1,3,2
48,1.0,3,22.0,0,0,7.75,0,2,1,1,3,1,1,0,1,0,0,0,1,0,3,170.5,6,3,0,0,0,3,0
49,0.0,3,25.0,2,0,21.6792,0,1,3,0,3,3,0,1,0,0,0,0,1,1,0,541.98,3,9,0,0,1,3,2
50,0.0,3,18.0,1,0,17.8,0,3,2,0,2,3,1,0,0,1,0,0,1,0,3,320.40000000000003,9,6,0,0,1,2,2
51,0.0,3,7.0,4,1,39.6875,0,4,6,0,1,4,0,0,0,1,0,0,1,1,0,277.8125,12,18,1,0,2,1,3
52,0.0,3,21.0,0,0,7.8,0,1,1,1,3,1,0,0,0,1,0,0,1,1,0,163.79999999999998,3,3,0,0,0,3,0
53,1.0,1,49.0,1,0,76.7292,1,3,2,0,3,4,1,1,0,0,1,0,0,0,1,3759.7308000000003,3,2,1,1,1,4,3
54,1.0,2,29.0,1,0,26.0,0,3,2,0,3,3,1,0,0,1,0,1,0,0,2,754.0,6,4,0,0,1,3,2
55,0.0,1,65.0,0,1,61.9792,1,1,2,0,4,4,0,1,0,0,1,0,0,1,0,4028.648,1,2,1,1,1,5,3
56,1.0,1,42.0,0,0,35.5,1,1,1,1,3,4,0,0,0,1,1,0,0,1,0,1491.0,1,1,1,1,0,4,3
57,1.0,2,21.0,0,0,10.5,0,2,1,1,3,2,1,0,0,1,0,1,0,0,2,220.5,4,2,0,1,0,3,1
58,0.0,3,28.5,0,0,7.2292,0,1,1,1,3,1,0,1,0,0,0,0,1,1,0,206.0322,3,3,0,0,0,3,0
59,1.0,2,5.0,1,2,27.75,0,2,4,0,1,3,1,0,0,1,0,1,0,1,2,138.75,4,8,0,1,1,0,2
60,0.0,3,11.0,5,2,46.9,0,4,8,0,1,4,0,0,0,1,0,0,1,1,0,515.9,12,24,1,0,2,1,3
61,0.0,3,22.0,0,0,7.2292,0,1,1,1,3,1,0,1,0,0,0,0,1,1,0,159.0424,3,3,0,0,0,3,0
62,1.0,1,38.0,0,0,80.0,1,2,1,1,3,4,1,0,0,1,1,0,0,0,1,3040.0,2,1,1,1,0,4,3
63,0.0,1,45.0,1,0,83.475,1,1,2,0,3,4,0,0,0,1,1,0,0,1,0,3756.3749999999995,1,2,1,1,1,4,3
64,0.0,3,4.0,3,2,27.9,0,4,6,0,1,3,0,0,0,1,0,0,1,1,0,111.6,12,18,0,0,2,0,2
65,0.0,1,42.0,0,0,27.7208,0,1,1,1,3,3,0,1,0,0,1,0,0,1,0,1164.2736,1,1,0,1,0,4,2
66,1.0,3,25.0,1,1,15.2458,0,4,3,0,3,3,0,1,0,0,0,0,1,1,0,381.145,12,9,0,0,1,3,2
67,1.0,2,29.0,0,0,10.5,1,3,1,1,3,2,1,0,0,1,0,1,0,0,2,304.5,6,2,0,0,0,3,1
68,0.0,3,19.0,0,0,8.1583,0,1,1,1,3,2,0,0,0,1,0,0,1,1,0,155.0077,3,3,0,0,0,3,1
69,1.0,3,17.0,4,2,7.925,0,2,7,0,2,2,1,0,0,1,0,0,1,1,3,134.725,6,21,0,0,2,2,1
70,0.0,3,26.0,2,0,8.6625,0,1,3,0,3,2,0,0,0,1,0,0,1,1,0,225.225,3,9,0,0,1,3,1
71,0.0,2,32.0,0,0,10.5,0,1,1,1,3,2,0,0,0,1,0,1,0,1,0,336.0,2,2,0,1,0,3,1
72,0.0,3,16.0,5,2,46.9,0,2,8,0,2,4,1,0,0,1,0,0,1,1,3,750.4,6,24,1,0,2,2,3
73,0.0,2,21.0,0,0,73.5,0,1,1,1,3,4,0,0,0,1,0,1,0,1,0,1543.5,2,2,1,1,0,3,3
74,0.0,3,26.0,1,0,14.4542,0,1,2,0,3,2,0,1,0,0,0,0,1,1,0,375.80920000000003,3,6,0,0,1,3,1
75,1.0,3,32.0,0,0,56.4958,0,1,1,1,3,4,0,0,0,1,0,0,1,1,0,1807.8656,3,3,1,0,0,3,3
76,0.0,3,25.0,0,0,7.65,1,1,1,1,3,1,0,0,0,1,0,0,1,1,0,191.25,3,3,0,0,0,3,0
77,0.0,3,25.0,0,0,7.8958,0,1,1,1,3,1,0,0,0,1,0,0,1,1,0,197.395,3,3,0,0,0,3,0
78,0.0,3,25.0,0,0,8.05,0,1,1,1,3,2,0,0,0,1,0,0,1,1,0,201.25000000000003,3,3,0,0,0,3,1
79,1.0,2,0.83,0,2,29.0,0,4,3,0,1,3,0,0,0,1,0,1,0,1,0,24.07,8,6,0,0,1,0,2
80,1.0,3,30.0,0,0,12.475,0,2,1,1,3,2,1,0,0,1,0,0,1,0,3,374.25,6,3,0,0,0,3,1
81,0.0,3,22.0,0,0,9.0,0,1,1,1,3,2,0,0,0,1,0,0,1,1,0,198.0,3,3,0,0,0,3,1
82,1.0,3,29.0,0,0,9.5,0,1,1,1,3,2,0,0,0,1,0,0,1,1,0,275.5,3,3,0,0,0,3,1
83,1.0,3,22.0,0,0,7.7875,0,2,1,1,3,1,1,0,1,0,0,0,1,0,3,171.325,6,3,0,0,0,3,0
84,0.0,1,28.0,0,0,47.1,0,1,1,1,3,4,0,0,0,1,1,0,0,1,0,1318.8,1,1,1,1,0,3,3
85,1.0,2,17.0,0,0,10.5,0,2,1,1,2,2,1,0,0,1,0,1,0,1,2,178.5,4,2,0,1,0,2,1
86,1.0,3,33.0,3,0,15.85,0,3,4,0,3,3,1,0,0,1,0,0,1,0,3,523.05,9,12,0,0,1,3,2
87,0.0,3,16.0,1,3,34.375,0,1,5,0,2,4,0,0,0,1,0,0,1,1,0,550.0,3,15,1,0,2,2,3
88,0.0,3,25.0,0,0,8.05,0,1,1,1,3,2,0,0,0,1,0,0,1,1,0,201.25000000000003,3,3,0,0,0,3,1
89,1.0,1,23.0,3,2,133.65,1,2,6,0,3,4,1,0,0,1,1,0,0,0,1,3073.9500000000003,2,6,1,1,2,3,3
90,0.0,3,24.0,0,0,8.05,0,1,1,1,3,2,0,0,0,1,0,0,1,1,0,193.20000000000002,3,3,0,0,0,3,1
91,0.0,3,29.0,0,0,8.05,0,1,1,1,3,2,0,0,0,1,0,0,1,1,0,233.45000000000002,3,3,0,0,0,3,1
92,0.0,3,20.0,0,0,7.8542,0,1,1,1,3,1,0,0,0,1,0,0,1,1,0,157.084,3,3,0,0,0,3,0
93,0.0,1,46.0,1,0,61.175,1,1,2,0,3,4,0,0,0,1,1,0,0,1,0,2814.0499999999997,1,2,1,1,1,4,3
94,0.0,3,26.0,1,2,20.575,0,1,4,0,3,3,0,0,0,1,0,0,1,1,0,534.9499999999999,3,12,0,0,1,3,2
95,0.0,3,59.0,0,0,7.25,0,1,1,1,3,1,0,0,0,1,0,0,1,1,0,427.75,3,3,0,0,0,4,0
96,0.0,3,25.0,0,0,8.05,0,1,1,1,3,2,0,0,0,1,0,0,1,1,0,201.25000000000003,3,3,0,0,0,3,1
97,0.0,1,71.0,0,0,34.6542,1,1,1,1,4,4,0,1,0,0,1,0,0,1,0,2460.4482000000003,1,1,1,1,0,5,3
98,1.0,1,23.0,0,1,63.3583,1,1,2,0,3,4,0,1,0,0,1,0,0,1,0,1457.2409,1,2,1,1,1,3,3
99,1.0,2,34.0,0,1,23.0,0,3,2,0,3,3,1,0,0,1,0,1,0,0,2,782.0,6,4,0,0,1,3,2
100,0.0,2,34.0,1,0,26.0,0,1,2,0,3,3,0,0,0,1,0,1,0,1,0,884.0,2,4,0,1,1,3,2
101,0.0,3,28.0,0,0,7.8958,0,2,1,1,3,1,1,0,0,1,0,0,1,0,3,221.0824,6,3,0,0,0,3,0
102,0.0,3,25.0,0,0,7.8958,0,1,1,1,3,1,0,0,0,1,0,0,1,1,0,197.395,3,3,0,0,0,3,0
103,0.0,1,21.0,0,1,77.2875,1,1,2,0,3,4,0,0,0,1,1,0,0,1,0,1623.0375,1,2,1,1,1,3,3
104,0.0,3,33.0,0,0,8.6542,0,1,1,1,3,2,0,0,0,1,0,0,1,1,0,285.5886,3,3,0,0,0,3,1
105,0.0,3,37.0,2,0,7.925,0,1,3,0,3,2,0,0,0,1,0,0,1,1,0,293.22499999999997,3,9,0,0,1,4,1
106,0.0,3,28.0,0,0,7.8958,0,1,1,1,3,1,0,0,0,1,0,0,1,1,0,221.0824,3,3,0,0,0,3,0
107,1.0,3,21.0,0,0,7.65,0,2,1,1,3,1,1,0,0,1,0,0,1,0,3,160.65,6,3,0,0,0,3,0
108,1.0,3,25.0,0,0,7.775,0,1,1,1,3,1,0,0,0,1,0,0,1,1,0,194.375,3,3,0,0,0,3,0
109,0.0,3,38.0,0,0,7.8958,0,1,1,1,3,1,0,0,0,1,0,0,1,1,0,300.04040000000003,3,3,0,0,0,4,0
110,1.0,3,22.0,1,0,24.15,0,2,2,0,3,3,1,0,1,0,0,0,1,0,3,531.3,6,6,0,0,1,3,2
111,0.0,1,47.0,0,0,52.0,1,1,1,1,3,4,0,0,0,1,1,0,0,1,0,2444.0,1,1,1,1,0,4,3
112,0.0,3,14.5,1,0,14.4542,0,2,2,0,2,2,1,1,0,0,0,0,1,1,3,209.5859,6,6,0,0,1,2,1
113,0.0,3,22.0,0,0,8.05,0,1,1,1,3,2,0,0,0,1,0,0,1,1,0,177.10000000000002,3,3,0,0,0,3,1
114,0.0,3,20.0,1,0,9.825,0,2,2,0,3,2,1,0,0,1,0,0,1,0,3,196.5,6,6,0,0,1,3,1
115,0.0,3,17.0,0,0,14.4583,0,2,1,1,2,3,1,1,0,0,0,0,1,1,3,245.7911,6,3,0,0,0,2,2
116,0.0,3,21.0,0,0,7.925,0,1,1,1,3,2,0,0,0,1,0,0,1,1,0,166.42499999999998,3,3,0,0,0,3,1
117,0.0,3,70.5,0,0,7.75,0,1,1,1,4,1,0,0,1,0,0,0,1,1,0,546.375,3,3,0,0,0,5,0
118,0.0,2,29.0,1,0,21.0,0,1,2,0,3,3,0,0,0,1,0,1,0,1,0,609.0,2,4,0,1,1,3,2
119,0.0,1,24.0,0,1,133.65,1,1,2,0,3,4,0,1,0,0,1,0,0,1,0,3207.6000000000004,1,2,1,1,1,3,3
120,0.0,3,2.0,4,2,31.275,0,2,7,0,1,3,1,0,0,1,0,0,1,1,3,62.55,6,21,1,0,2,0,3
121,0.0,2,21.0,2,0,73.5,0,1,3,0,3,4,0,0,0,1,0,1,0,1,0,1543.5,2,6,1,1,1,3,3
122,0.0,3,25.0,0,0,8.05,0,1,1,1,3,2,0,0,0,1,0,0,1,1,0,201.25000000000003,3,3,0,0,0,3,1
123,0.0,2,32.5,1,0,30.0708,0,1,2,0,3,3,0,1,0,0,0,1,0,1,0,977.3009999999999,2,4,0,1,1,3,2
124,1.0,2,32.5,0,0,13.0,1,2,1,1,3,2,1,0,0,1,0,1,0,0,2,422.5,4,2,0,1,0,3,1
125,0.0,1,54.0,0,1,77.2875,1,1,2,0,3,4,0,0,0,1,1,0,0,1,0,4173.525,1,2,1,1,1,4,3
126,1.0,3,12.0,1,0,11.2417,0,4,2,0,1,2,0,1,0,0,0,0,1,1,0,134.9004,12,6,0,0,1,1,1
127,0.0,3,25.0,0,0,7.75,0,1,1,1,3,1,0,0,1,0,0,0,1,1,0,193.75,3,3,0,0,0,3,0
128,1.0,3,24.0,0,0,7.1417,0,1,1,1,3,1,0,0,0,1,0,0,1,1,0,171.4008,3,3,0,0,0,3,0
129,1.0,3,22.0,1,1,22.3583,1,2,3,0,3,3,1,1,0,0,0,0,1,0,3,491.8826,6,9,0,0,1,3,2
130,0.0,3,45.0,0,0,6.975,0,1,1,1,3,1,0,0,0,1,0,0,1,1,0,313.875,3,3,0,0,0,4,0
131,0.0,3,33.0,0,0,7.8958,0,1,1,1,3,1,0,1,0,0,0,0,1,1,0,260.5614,3,3,0,0,0,3,0
132,0.0,3,20.0,0,0,7.05,0,1,1,1,3,1,0,0,0,1,0,0,1,1,0,141.0,3,3,0,0,0,3,0
133,0.0,3,47.0,1,0,14.5,0,3,2,0,3,3,1,0,0,1,0,0,1,0,3,681.5,9,6,0,0,1,4,2
134,1.0,2,29.0,1,0,26.0,0,3,2,0,3,3,1,0,0,1,0,1,0,0,2,754.0,6,4,0,0,1,3,2
135,0.0,2,25.0,0,0,13.0,0,1,1,1,3,2,0,0,0,1,0,1,0,1,0,325.0,2,2,0,1,0,3,1
136,0.0,2,23.0,0,0,15.0458,0,1,1,1,3,3,0,1,0,0,0,1,0,1,0,346.0534,2,2,0,1,0,3,2
137,1.0,1,19.0,0,2,26.2833,1,2,3,0,3,3,1,0,0,1,1,0,0,0,1,499.3827,2,3,0,1,1,3,2
138,0.0,1,37.0,1,0,53.1,1,1,2,0,3,4,0,0,0,1,1,0,0,1,0,1964.7,1,2,1,1,1,4,3
139,0.0,3,16.0,0,0,9.2167,0,1,1,1,2,2,0,0,0,1,0,0,1,1,0,147.4672,3,3,0,0,0,2,1
140,0.0,1,24.0,0,0,79.2,1,1,1,1,3,4,0,1,0,0,1,0,0,1,0,1900.8000000000002,1,1,1,1,0,3,3
141,0.0,3,22.0,0,2,15.2458,0,3,3,0,3,3,1,1,0,0,0,0,1,0,3,335.4076,9,9,0,0,1,3,2
142,1.0,3,22.0,0,0,7.75,0,2,1,1,3,1,1,0,0,1,0,0,1,0,3,170.5,6,3,0,0,0,3,0
143,1.0,3,24.0,1,0,15.85,0,3,2,0,3,3,1,0,0,1,0,0,1,0,3,380.4,9,6,0,0,1,3,2
144,0.0,3,19.0,0,0,6.75,0,1,1,1,3,1,0,0,1,0,0,0,1,1,0,128.25,3,3,0,0,0,3,0
145,0.0,2,18.0,0,0,11.5,0,1,1,1,2,2,0,0,0,1,0,1,0,1,0,207.0,2,2,0,1,0,2,1
146,0.0,2,19.0,1,1,36.75,0,1,3,0,3,4,0,0,0,1,0,1,0,1,0,698.25,2,6,1,1,1,3,3
147,1.0,3,27.0,0,0,7.7958,0,1,1,1,3,1,0,0,0,1,0,0,1,1,0,210.4866,3,3,0,0,0,3,0
148,0.0,3,9.0,2,2,34.375,0,2,5,0,1,4,1,0,0,1,0,0,1,1,3,309.375,6,15,1,0,2,1,3
149,0.0,2,36.5,0,2,26.0,1,1,3,0,3,3,0,0,0,1,0,1,0,1,0,949.0,2,6,0,1,1,4,2
150,0.0,2,42.0,0,0,13.0,0,5,1,1,3,2,0,0,0,1,0,1,0,1,0,546.0,10,2,0,0,0,4,1
151,0.0,2,51.0,0,0,12.525,0,5,1,1,3,2,0,0,0,1,0,1,0,1,0,638.775,10,2,0,0,0,4,1
152,1.0,1,22.0,1,0,66.6,1,3,2,0,3,4,1,0,0,1,1,0,0,0,1,1465.1999999999998,3,2,1,1,1,3,3
153,0.0,3,55.5,0,0,8.05,0,1,1,1,3,2,0,0,0,1,0,0,1,1,0,446.77500000000003,3,3,0,0,0,4,1
154,0.0,3,40.5,0,2,14.5,0,1,3,0,3,3,0,0,0,1,0,0,1,1,0,587.25,3,9,0,0,1,4,2
155,0.0,3,25.0,0,0,7.3125,0,1,1,1,3,1,0,0,0,1,0,0,1,1,0,182.8125,3,3,0,0,0,3,0
156,0.0,1,51.0,0,1,61.3792,0,1,2,0,3,4,0,1,0,0,1,0,0,1,0,3130.3392,1,2,1,1,1,4,3
157,1.0,3,16.0,0,0,7.7333,0,2,1,1,2,1,1,0,1,0,0,0,1,1,3,123.7328,6,3,0,0,0,2,0
158,0.0,3,30.0,0,0,8.05,0,1,1,1,3,2,0,0,0,1,0,0,1,1,0,241.50000000000003,3,3,0,0,0,3,1
159,0.0,3,25.0,0,0,8.6625,0,1,1,1,3,2,0,0,0,1,0,0,1,1,0,216.5625,3,3,0,0,0,3,1
160,0.0,3,25.0,8,2,69.55,0,4,11,0,3,4,0,0,0,1,0,0,1,1,0,1738.75,12,33,1,0,2,3,3
161,0.0,3,44.0,0,1,16.1,0,1,2,0,3,3,0,0,0,1,0,0,1,1,0,708.4000000000001,3,6,0,0,1,4,2
162,1.0,2,40.0,0,0,15.75,0,3,1,1,3,3,1,0,0,1,0,1,0,0,2,630.0,6,2,0,0,0,4,2
163,0.0,3,26.0,0,0,7.775,0,1,1,1,3,1,0,0,0,1,0,0,1,1,0,202.15,3,3,0,0,0,3,0
164,0.0,3,17.0,0,0,8.6625,0,1,1,1,2,2,0,0,0,1,0,0,1,1,0,147.2625,3,3,0,0,0,2,1
165,0.0,3,1.0,4,1,39.6875,0,4,6,0,1,4,0,0,0,1,0,0,1,1,0,39.6875,12,18,1,0,2,0,3
166,1.0,3,9.0,0,2,20.525,0,4,3,0,1,3,0,0,0,1,0,0,1,1,0,184.725,12,9,0,0,1,1,2
167,1.0,1,36.0,0,1,55.0,1,3,2,0,3,4,1,0,0,1,1,0,0,0,1,1980.0,3,2,1,1,1,4,3
168,0.0,3,45.0,1,4,27.9,0,3,6,0,3,3,1,0,0,1,0,0,1,0,3,1255.5,9,18,0,0,2,4,2
169,0.0,1,42.0,0,0,25.925,0,1,1,1,3,3,0,0,0,1,1,0,0,1,0,1088.8500000000001,1,1,0,1,0,4,2
170,0.0,3,28.0,0,0,56.4958,0,1,1,1,3,4,0,0,0,1,0,0,1,1,0,1581.8824,3,3,1,0,0,3,3
171,0.0,1,61.0,0,0,33.5,1,1,1,1,4,4,0,0,0,1,1,0,0,1,0,2043.5,1,1,1,1,0,5,3
172,0.0,3,4.0,4,1,29.125,0,4,6,0,1,3,0,0,1,0,0,0,1,1,0,116.5,12,18,0,0,2,0,2
173,1.0,3,1.0,1,1,11.1333,0,2,3,0,1,2,1,0,0,1,0,0,1,1,3,11.1333,6,9,0,0,1,0,1
174,0.0,3,21.0,0,0,7.925,0,1,1,1,3,2,0,0,0,1,0,0,1,1,0,166.42499999999998,3,3,0,0,0,3,1
175,0.0,1,56.0,0,0,30.6958,1,1,1,1,3,3,0,1,0,0,1,0,0,1,0,1718.9648,1,1,0,1,0,4,2
176,0.0,3,18.0,1,1,7.8542,0,1,3,0,2,1,0,0,0,1,0,0,1,1,0,141.3756,3,9,0,0,1,2,0
177,0.0,3,25.0,3,1,25.4667,0,4,5,0,3,3,0,0,0,1,0,0,1,1,0,636.6675,12,15,0,0,2,3,2
178,0.0,1,50.0,0,0,28.7125,1,2,1,1,3,3,1,1,0,0,1,0,0,0,1,1435.625,2,1,0,1,0,4,2
179,0.0,2,30.0,0,0,13.0,0,1,1,1,3,2,0,0,0,1,0,1,0,1,0,390.0,2,2,0,1,0,3,1
180,0.0,3,36.0,0,0,0.0,0,1,1,1,3,1,0,0,0,1,0,0,1,1,0,0.0,3,3,0,0,0,4,0
181,0.0,3,22.0,8,2,69.55,0,2,11,0,3,4,1,0,0,1,0,0,1,0,3,1530.1,6,33,1,0,2,3,3
182,0.0,2,29.5,0,0,15.05,0,1,1,1,3,3,0,1,0,0,0,1,0,1,0,443.975,2,2,0,1,0,3,2
183,0.0,3,9.0,4,2,31.3875,0,4,7,0,1,4,0,0,0,1,0,0,1,1,0,282.4875,12,21,1,0,2,1,3
184,1.0,2,1.0,2,1,39.0,1,4,4,0,1,4,0,0,0,1,0,1,0,1,0,39.0,8,8,1,0,1,0,3
185,1.0,3,4.0,0,2,22.025,0,2,3,0,1,3,1,0,0,1,0,0,1,1,3,88.1,6,9,0,0,1,0,2
186,0.0,1,42.0,0,0,50.0,1,1,1,1,3,4,0,0,0,1,1,0,0,1,0,2100.0,1,1,1,1,0,4,3
187,1.0,3,22.0,1,0,15.5,0,3,2,0,3,3,1,0,1,0,0,0,1,0,3,341.0,9,6,0,0,1,3,2
188,1.0,1,45.0,0,0,26.55,0,1,1,1,3,3,0,0,0,1,1,0,0,1,0,1194.75,1,1,0,1,0,4,2
189,0.0,3,40.0,1,1,15.5,0,1,3,0,3,3,0,0,1,0,0,0,1,1,0,620.0,3,9,0,0,1,4,2
190,0.0,3,36.0,0,0,7.8958,0,1,1,1,3,1,0,0,0,1,0,0,1,1,0,284.2488,3,3,0,0,0,4,0
191,1.0,2,32.0,0,0,13.0,0,3,1,1,3,2,1,0,0,1,0,1,0,0,2,416.0,6,2,0,0,0,3,1
192,0.0,2,19.0,0,0,13.0,0,1,1,1,3,2,0,0,0,1,0,1,0,1,0,247.0,2,2,0,1,0,3,1
193,1.0,3,19.0,1,0,7.8542,0,2,2,0,3,1,1,0,0,1,0,0,1,0,3,149.22979999999998,6,6,0,0,1,3,0
194,1.0,2,3.0,1,1,26.0,1,4,3,0,1,3,0,0,0,1,0,1,0,1,0,78.0,8,6,0,0,1,0,2
195,1.0,1,44.0,0,0,27.7208,1,3,1,1,3,3,1,1,0,0,1,0,0,0,1,1219.7152,3,1,0,1,0,4,2
196,1.0,1,58.0,0,0,133.65,1,2,1,1,3,4,1,1,0,0,1,0,0,0,1,7751.700000000001,2,1,1,1,0,4,3
197,0.0,3,25.0,0,0,7.75,0,1,1,1,3,1,0,0,1,0,0,0,1,1,0,193.75,3,3,0,0,0,3,0
198,0.0,3,42.0,0,1,8.4042,0,1,2,0,3,2,0,0,0,1,0,0,1,1,0,352.97639999999996,3,6,0,0,1,4,1
199,1.0,3,22.0,0,0,7.75,0,2,1,1,3,1,1,0,1,0,0,0,1,0,3,170.5,6,3,0,0,0,3,0
200,0.0,2,24.0,0,0,13.0,0,2,1,1,3,2,1,0,0,1,0,1,0,0,2,312.0,4,2,0,1,0,3,1
201,0.0,3,28.0,0,0,9.5,0,1,1,1,3,2,0,0,0,1,0,0,1,1,0,266.0,3,3,0,0,0,3,1
202,0.0,3,25.0,8,2,69.55,0,1,11,0,3,4,0,0,0,1,0,0,1,1,0,1738.75,3,33,1,0,2,3,3
203,0.0,3,34.0,0,0,6.4958,0,1,1,1,3,1,0,0,0,1,0,0,1,1,0,220.8572,3,3,0,0,0,3,0
204,0.0,3,45.5,0,0,7.225,0,1,1,1,3,1,0,1,0,0,0,0,1,1,0,328.7375,3,3,0,0,0,4,0
205,1.0,3,18.0,0,0,8.05,0,1,1,1,2,2,0,0,0,1,0,0,1,1,0,144.9,3,3,0,0,0,2,1
206,0.0,3,2.0,0,1,10.4625,1,2,2,0,1,2,1,0,0,1,0,0,1,1,3,20.925,6,6,0,0,1,0,1
207,0.0,3,32.0,1,0,15.85,0,1,2,0,3,3,0,0,0,1,0,0,1,1,0,507.2,3,6,0,0,1,3,2
208,1.0,3,26.0,0,0,18.7875,0,1,1,1,3,3,0,1,0,0,0,0,1,1,0,488.475,3,3,0,0,0,3,2
209,1.0,3,16.0,0,0,7.75,0,2,1,1,2,1,1,0,1,0,0,0,1,1,3,124.0,6,3,0,0,0,2,0
210,1.0,1,40.0,0,0,31.0,1,1,1,1,3,3,0,1,0,0,1,0,0,1,0,1240.0,1,1,0,1,0,4,2
211,0.0,3,24.0,0,0,7.05,0,1,1,1,3,1,0,0,0,1,0,0,1,1,0,169.2,3,3,0,0,0,3,0
212,1.0,2,35.0,0,0,21.0,0,2,1,1,3,3,1,0,0,1,0,1,0,0,2,735.0,4,2,0,1,0,3,2
213,0.0,3,22.0,0,0,7.25,0,1,1,1,3,1,0,0,0,1,0,0,1,1,0,159.5,3,3,0,0,0,3,0
214,0.0,2,30.0,0,0,13.0,0,1,1,1,3,2,0,0,0,1,0,1,0,1,0,390.0,2,2,0,1,0,3,1
215,0.0,3,25.0,1,0,7.75,0,1,2,0,3,1,0,0,1,0,0,0,1,1,0,193.75,3,6,0,0,1,3,0
216,1.0,1,31.0,1,0,113.275,1,2,2,0,3,4,1,1,0,0,1,0,0,0,1,3511.525,2,2,1,1,1,3,3
217,1.0,3,27.0,0,0,7.925,0,2,1,1,3,2,1,0,0,1,0,0,1,0,3,213.975,6,3,0,0,0,3,1
218,0.0,2,42.0,1,0,27.0,0,1,2,0,3,3,0,0,0,1,0,1,0,1,0,1134.0,2,4,0,1,1,4,2
219,1.0,1,32.0,0,0,76.2917,1,2,1,1,3,4,1,1,0,0,1,0,0,0,1,2441.3344,2,1,1,1,0,3,3
220,0.0,2,30.0,0,0,10.5,0,1,1,1,3,2,0,0,0,1,0,1,0,1,0,315.0,2,2,0,1,0,3,1
221,1.0,3,16.0,0,0,8.05,0,1,1,1,2,2,0,0,0,1,0,0,1,1,0,128.8,3,3,0,0,0,2,1
222,0.0,2,27.0,0,0,13.0,0,1,1,1,3,2,0,0,0,1,0,1,0,1,0,351.0,2,2,0,1,0,3,1
223,0.0,3,51.0,0,0,8.05,0,1,1,1,3,2,0,0,0,1,0,0,1,1,0,410.55,3,3,0,0,0,4,1
224,0.0,3,25.0,0,0,7.8958,0,1,1,1,3,1,0,0,0,1,0,0,1,1,0,197.395,3,3,0,0,0,3,0
225,1.0,1,38.0,1,0,90.0,1,1,2,0,3,4,0,0,0,1,1,0,0,1,0,3420.0,1,2,1,1,1,4,3
226,0.0,3,22.0,0,0,9.35,0,1,1,1,3,2,0,0,0,1,0,0,1,1,0,205.7,3,3,0,0,0,3,1
227,1.0,2,19.0,0,0,10.5,0,1,1,1,3,2,0,0,0,1,0,1,0,1,0,199.5,2,2,0,1,0,3,1
228,0.0,3,20.5,0,0,7.25,0,1,1,1,3,1,0,0,0,1,0,0,1,1,0,148.625,3,3,0,0,0,3,0
229,0.0,2,18.0,0,0,13.0,0,1,1,1,2,2,0,0,0,1,0,1,0,1,0,234.0,2,2,0,1,0,2,1
230,0.0,3,22.0,3,1,25.4667,0,2,5,0,3,3,1,0,0,1,0,0,1,0,3,560.2674,6,15,0,0,2,3,2
231,1.0,1,35.0,1,0,83.475,1,3,2,0,3,4,1,0,0,1,1,0,0,0,1,2921.625,3,2,1,1,1,3,3
232,0.0,3,29.0,0,0,7.775,0,1,1,1,3,1,0,0,0,1,0,0,1,1,0,225.47500000000002,3,3,0,0,0,3,0
233,0.0,2,59.0,0,0,13.5,0,1,1,1,3,2,0,0,0,1,0,1,0,1,0,796.5,2,2,0,1,0,4,1
234,1.0,3,5.0,4,2,31.3875,0,2,7,0,1,4,1,0,0,1,0,0,1,1,3,156.9375,6,21,1,0,2,0,3
235,0.0,2,24.0,0,0,10.5,0,1,1,1,3,2,0,0,0,1,0,1,0,1,0,252.0,2,2,0,1,0,3,1
236,0.0,3,22.0,0,0,7.55,0,2,1,1,3,1,1,0,0,1,0,0,1,0,3,166.1,6,3,0,0,0,3,0
237,0.0,2,44.0,1,0,26.0,0,1,2,0,3,3,0,0,0,1,0,1,0,1,0,1144.0,2,4,0,1,1,4,2
238,1.0,2,8.0,0,2,26.25,0,2,3,0,1,3,1,0,0,1,0,1,0,1,2,210.0,4,6,0,1,1,1,2
239,0.0,2,19.0,0,0,10.5,0,1,1,1,3,2,0,0,0,1,0,1,0,1,0,199.5,2,2,0,1,0,3,1
240,0.0,2,33.0,0,0,12.275,0,1,1,1,3,2,0,0,0,1,0,1,0,1,0,405.075,2,2,0,1,0,3,1
241,0.0,3,22.0,1,0,14.4542,0,2,2,0,3,2,1,1,0,0,0,0,1,0,3,317.9924,6,6,0,0,1,3,1
242,1.0,3,22.0,1,0,15.5,0,2,2,0,3,3,1,0,1,0,0,0,1,0,3,341.0,6,6,0,0,1,3,2
243,0.0,2,29.0,0,0,10.5,0,1,1,1,3,2,0,0,0,1,0,1,0,1,0,304.5,2,2,0,1,0,3,1
244,0.0,3,22.0,0,0,7.125,0,1,1,1,3,1,0,0,0,1,0,0,1,1,0,156.75,3,3,0,0,0,3,0
245,0.0,3,30.0,0,0,7.225,0,1,1,1,3,1,0,1,0,0,0,0,1,1,0,216.75,3,3,0,0,0,3,0
246,0.0,1,44.0,2,0,90.0,1,5,3,0,3,4,0,0,1,0,1,0,0,1,0,3960.0,5,3,1,0,1,4,3
247,0.0,3,25.0,0,0,7.775,0,2,1,1,3,1,1,0,0,1,0,0,1,0,3,194.375,6,3,0,0,0,3,0
248,1.0,2,24.0,0,2,14.5,0,3,3,0,3,3,1,0,0,1,0,1,0,0,2,348.0,6,6,0,0,1,3,2
249,1.0,1,37.0,1,1,52.5542,1,1,3,0,3,4,0,0,0,1,1,0,0,1,0,1944.5054,1,3,1,1,1,4,3
250,0.0,2,54.0,1,0,26.0,0,5,2,0,3,3,0,0,0,1,0,1,0,1,0,1404.0,10,4,0,0,1,4,2
251,0.0,3,25.0,0,0,7.25,0,1,1,1,3,1,0,0,0,1,0,0,1,1,0,181.25,3,3,0,0,0,3,0
252,0.0,3,29.0,1,1,10.4625,1,3,3,0,3,2,1,0,0,1,0,0,1,0,3,303.4125,9,9,0,0,1,3,1
253,0.0,1,62.0,0,0,26.55,1,1,1,1,4,3,0,0,0,1,1,0,0,1,0,1646.1000000000001,1,1,0,1,0,5,2
254,0.0,3,30.0,1,0,16.1,0,1,2,0,3,3,0,0,0,1,0,0,1,1,0,483.00000000000006,3,6,0,0,1,3,2
255,0.0,3,41.0,0,2,20.2125,0,3,3,0,3,3,1,0,0,1,0,0,1,0,3,828.7125,9,9,0,0,1,4,2
256,1.0,3,29.0,0,2,15.2458,0,3,3,0,3,3,1,1,0,0,0,0,1,0,3,442.1282,9,9,0,0,1,3,2
257,1.0,1,36.0,0,0,79.2,0,3,1,1,3,4,1,1,0,0,1,0,0,0,1,2851.2000000000003,3,1,1,1,0,4,3
258,1.0,1,30.0,0,0,86.5,1,2,1,1,3,4,1,0,0,1,1,0,0,0,1,2595.0,2,1,1,1,0,3,3
259,1.0,1,35.0,0,0,133.65,0,2,1,1,3,4,1,1,0,0,1,0,0,0,1,4677.75,2,1,1,1,0,3,3
260,1.0,2,50.0,0,1,26.0,0,3,2,0,3,3,1,0,0,1,0,1,0,0,2,1300.0,6,4,0,0,1,4,2
261,0.0,3,25.0,0,0,7.75,0,1,1,1,3,1,0,0,1,0,0,0,1,1,0,193.75,3,3,0,0,0,3,0
262,1.0,3,3.0,4,2,31.3875,0,4,7,0,1,4,0,0,0,1,0,0,1,1,0,94.1625,12,21,1,0,2,0,3
263,0.0,1,52.0,1,1,79.65,1,1,3,0,3,4,0,0,0,1,1,0,0,1,0,4141.8,1,3,1,1,1,4,3
264,0.0,1,40.0,0,0,0.0,1,1,1,1,3,1,0,0,0,1,1,0,0,1,0,0.0,1,1,0,1,0,4,0
265,0.0,3,22.0,0,0,7.75,0,2,1,1,3,1,1,0,1,0,0,0,1,0,3,170.5,6,3,0,0,0,3,0
266,0.0,2,36.0,0,0,10.5,0,1,1,1,3,2,0,0,0,1,0,1,0,1,0,378.0,2,2,0,1,0,4,1
267,0.0,3,16.0,4,1,39.6875,0,1,6,0,2,4,0,0,0,1,0,0,1,1,0,635.0,3,18,1,0,2,2,3
268,1.0,3,25.0,1,0,7.775,0,1,2,0,3,1,0,0,0,1,0,0,1,1,0,194.375,3,6,0,0,1,3,0
269,1.0,1,58.0,0,1,133.65,1,3,2,0,3,4,1,0,0,1,1,0,0,0,1,7751.700000000001,3,2,1,1,1,4,3
270,1.0,1,35.0,0,0,133.65,1,2,1,1,3,4,1,0,0,1,1,0,0,0,1,4677.75,2,1,1,1,0,3,3
271,0.0,1,42.0,0,0,31.0,0,1,1,1,3,3,0,0,0,1,1,0,0,1,0,1302.0,1,1,0,1,0,4,2
272,1.0,3,25.0,0,0,0.0,0,1,1,1,3,1,0,0,0,1,0,0,1,1,0,0.0,3,3,0,0,0,3,0
273,1.0,2,41.0,0,1,19.5,0,3,2,0,3,3,1,0,0,1,0,1,0,0,2,799.5,6,4,0,0,1,4,2
274,0.0,1,37.0,0,1,29.7,1,1,2,0,3,3,0,1,0,0,1,0,0,1,0,1098.8999999999999,1,2,0,1,1,4,2
275,1.0,3,22.0,0,0,7.75,0,2,1,1,3,1,1,0,1,0,0,0,1,0,3,170.5,6,3,0,0,0,3,0
276,1.0,1,63.0,1,0,77.9583,1,2,2,0,4,4,1,0,0,1,1,0,0,0,1,4911.372899999999,2,2,1,1,1,5,3
277,0.0,3,45.0,0,0,7.75,0,2,1,1,3,1,1,0,0,1,0,0,1,0,3,348.75,6,3,0,0,0,4,0
278,0.0,2,29.5,0,0,0.0,0,1,1,1,3,1,0,0,0,1,0,1,0,1,0,0.0,2,2,0,1,0,3,0
279,0.0,3,7.0,4,1,29.125,0,4,6,0,1,3,0,0,1,0,0,0,1,1,0,203.875,12,18,0,0,2,1,2
280,1.0,3,35.0,1,1,20.25,0,3,3,0,3,3,1,0,0,1,0,0,1,0,3,708.75,9,9,0,0,1,3,2
281,0.0,3,65.0,0,0,7.75,0,1,1,1,4,1,0,0,1,0,0,0,1,1,0,503.75,3,3,0,0,0,5,0
282,0.0,3,28.0,0,0,7.8542,0,1,1,1,3,1,0,0,0,1,0,0,1,1,0,219.9176,3,3,0,0,0,3,0
283,0.0,3,16.0,0,0,9.5,0,1,1,1,2,2,0,0,0,1,0,0,1,1,0,152.0,3,3,0,0,0,2,1
284,1.0,3,19.0,0,0,8.05,0,1,1,1,3,2,0,0,0,1,0,0,1,1,0,152.95000000000002,3,3,0,0,0,3,1
285,0.0,1,42.0,0,0,26.0,1,1,1,1,3,3,0,0,0,1,1,0,0,1,0,1092.0,1,1,0,1,0,4,2
286,0.0,3,33.0,0,0,8.6625,0,1,1,1,3,2,0,1,0,0,0,0,1,1,0,285.8625,3,3,0,0,0,3,1
287,1.0,3,30.0,0,0,9.5,0,1,1,1,3,2,0,0,0,1,0,0,1,1,0,285.0,3,3,0,0,0,3,1
288,0.0,3,22.0,0,0,7.8958,0,1,1,1,3,1,0,0,0,1,0,0,1,1,0,173.7076,3,3,0,0,0,3,0
289,1.0,2,42.0,0,0,13.0,0,1,1,1,3,2,0,0,0,1,0,1,0,1,0,546.0,2,2,0,1,0,4,1
290,1.0,3,22.0,0,0,7.75,0,2,1,1,3,1,1,0,1,0,0,0,1,0,3,170.5,6,3,0,0,0,3,0
291,1.0,1,26.0,0,0,78.85,0,2,1,1,3,4,1,0,0,1,1,0,0,0,1,2050.1,2,1,1,1,0,3,3
292,1.0,1,19.0,1,0,91.0792,1,3,2,0,3,4,1,1,0,0,1,0,0,0,1,1730.5048,3,2,1,1,1,3,3
293,0.0,2,36.0,0,0,12.875,1,1,1,1,3,2,0,1,0,0,0,1,0,1,0,463.5,2,2,0,1,0,4,1
294,0.0,3,24.0,0,0,8.85,0,2,1,1,3,2,1,0,0,1,0,0,1,0,3,212.39999999999998,6,3,0,0,0,3,1
295,0.0,3,24.0,0,0,7.8958,0,1,1,1,3,1,0,0,0,1,0,0,1,1,0,189.4992,3,3,0,0,0,3,0
296,0.0,1,42.0,0,0,27.7208,0,1,1,1,3,3,0,1,0,0,1,0,0,1,0,1164.2736,1,1,0,1,0,4,2
297,0.0,3,23.5,0,0,7.2292,0,1,1,1,3,1,0,1,0,0,0,0,1,1,0,169.8862,3,3,0,0,0,3,0
298,0.0,1,2.0,1,2,133.65,1,2,4,0,1,4,1,0,0,1,1,0,0,1,1,267.3,2,4,1,1,1,0,3
299,1.0,1,42.0,0,0,30.5,1,1,1,1,3,3,0,0,0,1,1,0,0,1,0,1281.0,1,1,0,1,0,4,2
300,1.0,1,50.0,0,1,133.65,1,3,2,0,3,4,1,1,0,0,1,0,0,0,1,6682.5,3,2,1,1,1,4,3
301,1.0,3,22.0,0,0,7.75,0,2,1,1,3,1,1,0,1,0,0,0,1,0,3,170.5,6,3,0,0,0,3,0
302,1.0,3,25.0,2,0,23.25,0,1,3,0,3,3,0,0,1,0,0,0,1,1,0,581.25,3,9,0,0,1,3,2
303,0.0,3,19.0,0,0,0.0,0,1,1,1,3,1,0,0,0,1,0,0,1,1,0,0.0,3,3,0,0,0,3,0
304,1.0,2,28.0,0,0,12.35,1,2,1,1,3,2,1,0,1,0,0,1,0,0,2,345.8,4,2,0,1,0,3,1
305,0.0,3,25.0,0,0,8.05,0,1,1,1,3,2,0,0,0,1,0,0,1,1,0,201.25000000000003,3,3,0,0,0,3,1
306,1.0,1,0.92,1,2,133.65,1,4,4,0,1,4,0,0,0,1,1,0,0,1,0,122.95800000000001,4,4,1,0,1,0,3
307,1.0,1,36.0,0,0,110.8833,0,2,1,1,3,4,1,1,0,0,1,0,0,0,1,3991.7988,2,1,1,1,0,4,3
308,1.0,1,17.0,1,0,108.9,1,3,2,0,2,4,1,1,0,0,1,0,0,1,1,1851.3000000000002,3,2,1,1,1,2,3
309,0.0,2,30.0,1,0,24.0,0,1,2,0,3,3,0,1,0,0,0,1,0,1,0,720.0,2,4,0,1,1,3,2
310,1.0,1,30.0,0,0,56.9292,1,2,1,1,3,4,1,1,0,0,1,0,0,0,1,1707.876,2,1,1,1,0,3,3
311,1.0,1,24.0,0,0,83.1583,1,2,1,1,3,4,1,1,0,0,1,0,0,0,1,1995.7992,2,1,1,1,0,3,3
312,1.0,1,18.0,2,2,133.65,1,2,5,0,2,4,1,1,0,0,1,0,0,0,1,2405.7000000000003,2,5,1,1,2,2,3
313,0.0,2,26.0,1,1,26.0,0,3,3,0,3,3,1,0,0,1,0,1,0,0,2,676.0,6,6,0,0,1,3,2
314,0.0,3,28.0,0,0,7.8958,0,1,1,1,3,1,0,0,0,1,0,0,1,1,0,221.0824,3,3,0,0,0,3,0
315,0.0,2,43.0,1,1,26.25,0,1,3,0,3,3,0,0,0,1,0,1,0,1,0,1128.75,2,6,0,1,1,4,2
316,1.0,3,26.0,0,0,7.8542,0,2,1,1,3,1,1,0,0,1,0,0,1,0,3,204.20919999999998,6,3,0,0,0,3,0
317,1.0,2,24.0,1,0,26.0,0,3,2,0,3,3,1,0,0,1,0,1,0,0,2,624.0,6,4,0,0,1,3,2
318,0.0,2,54.0,0,0,14.0,0,5,1,1,3,2,0,0,0,1,0,1,0,1,0,756.0,10,2,0,0,0,4,1
319,1.0,1,31.0,0,2,133.65,1,2,3,0,3,4,1,0,0,1,1,0,0,0,1,4143.150000000001,2,3,1,1,1,3,3
320,1.0,1,40.0,1,1,133.65,1,3,3,0,3,4,1,1,0,0,1,0,0,0,1,5346.0,3,3,1,1,1,4,3
321,0.0,3,22.0,0,0,7.25,0,1,1,1,3,1,0,0,0,1,0,0,1,1,0,159.5,3,3,0,0,0,3,0
322,0.0,3,27.0,0,0,7.8958,0,1,1,1,3,1,0,0,0,1,0,0,1,1,0,213.1866,3,3,0,0,0,3,0
323,1.0,2,30.0,0,0,12.35,0,2,1,1,3,2,1,0,1,0,0,1,0,0,2,370.5,4,2,0,1,0,3,1
324,1.0,2,22.0,1,1,29.0,0,3,3,0,3,3,1,0,0,1,0,1,0,0,2,638.0,6,6,0,0,1,3,2
325,0.0,3,25.0,8,2,69.55,0,1,11,0,3,4,0,0,0,1,0,0,1,1,0,1738.75,3,33,1,0,2,3,3
326,1.0,1,36.0,0,0,133.65,1,2,1,1,3,4,1,1,0,0,1,0,0,0,1,4811.400000000001,2,1,1,1,0,4,3
327,0.0,3,61.0,0,0,6.2375,0,1,1,1,4,1,0,0,0,1,0,0,1,1,0,380.4875,3,3,0,0,0,5,0
328,1.0,2,36.0,0,0,13.0,1,3,1,1,3,2,1,0,0,1,0,1,0,0,2,468.0,6,2,0,0,0,4,1
329,1.0,3,31.0,1,1,20.525,0,3,3,0,3,3,1,0,0,1,0,0,1,0,3,636.275,9,9,0,0,1,3,2
330,1.0,1,16.0,0,1,57.9792,1,2,2,0,2,4,1,1,0,0,1,0,0,1,1,927.6672,2,2,1,1,1,2,3
331,1.0,3,22.0,2,0,23.25,0,2,3,0,3,3,1,0,1,0,0,0,1,0,3,511.5,6,9,0,0,1,3,2
332,0.0,1,45.5,0,0,28.5,1,1,1,1,3,3,0,0,0,1,1,0,0,1,0,1296.75,1,1,0,1,0,4,2
333,0.0,1,38.0,0,1,133.65,1,1,2,0,3,4,0,0,0,1,1,0,0,1,0,5078.7,1,2,1,1,1,4,3
334,0.0,3,16.0,2,0,18.0,0,1,3,0,2,3,0,0,0,1,0,0,1,1,0,288.0,3,9,0,0,1,2,2
335,1.0,1,36.0,1,0,133.65,0,3,2,0,3,4,1,0,0,1,1,0,0,0,1,4811.400000000001,3,2,1,1,1,4,3
336,0.0,3,25.0,0,0,7.8958,0,1,1,1,3,1,0,0,0,1,0,0,1,1,0,197.395,3,3,0,0,0,3,0
337,0.0,1,29.0,1,0,66.6,1,1,2,0,3,4,0,0,0,1,1,0,0,1,0,1931.3999999999999,1,2,1,1,1,3,3
338,1.0,1,41.0,0,0,133.65,1,2,1,1,3,4,1,1,0,0,1,0,0,0,1,5479.650000000001,2,1,1,1,0,4,3
339,1.0,3,45.0,0,0,8.05,0,1,1,1,3,2,0,0,0,1,0,0,1,1,0,362.25000000000006,3,3,0,0,0,4,1
340,0.0,1,45.0,0,0,35.5,1,1,1,1,3,4,0,0,0,1,1,0,0,1,0,1597.5,1,1,1,1,0,4,3
341,1.0,2,2.0,1,1,26.0,1,4,3,0,1,3,0,0,0,1,0,1,0,1,0,52.0,8,6,0,0,1,0,2
342,1.0,1,24.0,3,2,133.65,1,2,6,0,3,4,1,0,0,1,1,0,0,0,1,3207.6000000000004,2,6,1,1,2,3,3
343,0.0,2,28.0,0,0,13.0,0,1,1,1,3,2,0,0,0,1,0,1,0,1,0,364.0,2,2,0,1,0,3,1
344,0.0,2,25.0,0,0,13.0,0,1,1,1,3,2,0,0,0,1,0,1,0,1,0,325.0,2,2,0,1,0,3,1
345,0.0,2,36.0,0,0,13.0,0,1,1,1,3,2,0,0,0,1,0,1,0,1,0,468.0,2,2,0,1,0,4,1
346,1.0,2,24.0,0,0,13.0,1,2,1,1,3,2,1,0,0,1,0,1,0,0,2,312.0,4,2,0,1,0,3,1
347,1.0,2,40.0,0,0,13.0,0,2,1,1,3,2,1,0,0,1,0,1,0,0,2,520.0,4,2,0,1,0,4,1
348,1.0,3,22.0,1,0,16.1,0,3,2,0,3,3,1,0,0,1,0,0,1,0,3,354.20000000000005,9,6,0,0,1,3,2
349,1.0,3,3.0,1,1,15.9,0,4,3,0,1,3,0,0,0,1,0,0,1,1,0,47.7,12,9,0,0,1,0,2
350,0.0,3,42.0,0,0,8.6625,0,1,1,1,3,2,0,0,0,1,0,0,1,1,0,363.825,3,3,0,0,0,4,1
351,0.0,3,23.0,0,0,9.225,0,1,1,1,3,2,0,0,0,1,0,0,1,1,0,212.17499999999998,3,3,0,0,0,3,1
352,0.0,1,42.0,0,0,35.0,1,1,1,1,3,4,0,0,0,1,1,0,0,1,0,1470.0,1,1,1,1,0,4,3
353,0.0,3,15.0,1,1,7.2292,0,1,3,0,2,1,0,1,0,0,0,0,1,1,0,108.43799999999999,3,9,0,0,1,2,0
354,0.0,3,25.0,1,0,17.8,0,1,2,0,3,3,0,0,0,1,0,0,1,1,0,445.0,3,6,0,0,1,3,2
355,0.0,3,25.0,0,0,7.225,0,1,1,1,3,1,0,1,0,0,0,0,1,1,0,180.625,3,3,0,0,0,3,0
356,0.0,3,28.0,0,0,9.5,0,1,1,1,3,2,0,0,0,1,0,0,1,1,0,266.0,3,3,0,0,0,3,1
357,1.0,1,22.0,0,1,55.0,1,2,2,0,3,4,1,0,0,1,1,0,0,0,1,1210.0,2,2,1,1,1,3,3
358,0.0,2,38.0,0,0,13.0,0,2,1,1,3,2,1,0,0,1,0,1,0,0,2,494.0,4,2,0,1,0,4,1
359,1.0,3,22.0,0,0,7.8792,0,2,1,1,3,1,1,0,1,0,0,0,1,0,3,173.3424,6,3,0,0,0,3,0
360,1.0,3,22.0,0,0,7.8792,0,2,1,1,3,1,1,0,1,0,0,0,1,0,3,173.3424,6,3,0,0,0,3,0
361,0.0,3,40.0,1,4,27.9,0,1,6,0,3,3,0,0,0,1,0,0,1,1,0,1116.0,3,18,0,0,2,4,2
362,0.0,2,29.0,1,0,27.7208,0,1,2,0,3,3,0,1,0,0,0,1,0,1,0,803.9032,2,4,0,1,1,3,2
363,0.0,3,45.0,0,1,14.4542,0,3,2,0,3,2,1,1,0,0,0,0,1,0,3,650.439,9,6,0,0,1,4,1
364,0.0,3,35.0,0,0,7.05,0,1,1,1,3,1,0,0,0,1,0,0,1,1,0,246.75,3,3,0,0,0,3,0
365,0.0,3,25.0,1,0,15.5,0,1,2,0,3,3,0,0,1,0,0,0,1,1,0,387.5,3,6,0,0,1,3,2
366,0.0,3,30.0,0,0,7.25,0,1,1,1,3,1,0,0,0,1,0,0,1,1,0,217.5,3,3,0,0,0,3,0
367,1.0,1,60.0,1,0,75.25,1,3,2,0,3,4,1,1,0,0,1,0,0,0,1,4515.0,3,2,1,1,1,4,3
368,1.0,3,22.0,0,0,7.2292,0,3,1,1,3,1,1,1,0,0,0,0,1,0,3,159.0424,9,3,0,0,0,3,0
369,1.0,3,22.0,0,0,7.75,0,2,1,1,3,1,1,0,1,0,0,0,1,0,3,170.5,6,3,0,0,0,3,0
370,1.0,1,24.0,0,0,69.3,1,5,1,1,3,4,1,1,0,0,1,0,0,0,1,1663.1999999999998,5,1,1,0,0,3,3
371,1.0,1,25.0,1,0,55.4417,1,1,2,0,3,4,0,1,0,0,1,0,0,1,0,1386.0425,1,2,1,1,1,3,3
372,0.0,3,18.0,1,0,6.4958,0,1,2,0,2,1,0,0,0,1,0,0,1,1,0,116.9244,3,6,0,0,1,2,0
373,0.0,3,19.0,0,0,8.05,0,1,1,1,3,2,0,0,0,1,0,0,1,1,0,152.95000000000002,3,3,0,0,0,3,1
374,0.0,1,22.0,0,0,133.65,0,1,1,1,3,4,0,1,0,0,1,0,0,1,0,2940.3,1,1,1,1,0,3,3
375,0.0,3,3.0,3,1,21.075,0,2,5,0,1,3,1,0,0,1,0,0,1,1,3,63.224999999999994,6,15,0,0,2,0,2
376,1.0,1,36.0,1,0,82.1708,0,3,2,0,3,4,1,1,0,0,1,0,0,0,1,2958.1488,3,2,1,1,1,4,3
377,1.0,3,22.0,0,0,7.25,0,2,1,1,3,1,1,0,0,1,0,0,1,0,3,159.5,6,3,0,0,0,3,0
378,0.0,1,27.0,0,2,133.65,1,1,3,0,3,4,0,1,0,0,1,0,0,1,0,3608.55,1,3,1,1,1,3,3
379,0.0,3,20.0,0,0,4.0125,0,1,1,1,3,1,0,1,0,0,0,0,1,1,0,80.25,3,3,0,0,0,3,0
380,0.0,3,19.0,0,0,7.775,0,1,1,1,3,1,0,0,0,1,0,0,1,1,0,147.725,3,3,0,0,0,3,0
381,1.0,1,42.0,0,0,133.65,0,2,1,1,3,4,1,1,0,0,1,0,0,0,1,5613.3,2,1,1,1,0,4,3
382,1.0,3,1.0,0,2,15.7417,0,2,3,0,1,3,1,1,0,0,0,0,1,1,3,15.7417,6,9,0,0,1,0,2
383,0.0,3,32.0,0,0,7.925,0,1,1,1,3,2,0,0,0,1,0,0,1,1,0,253.6,3,3,0,0,0,3,1
384,1.0,1,35.0,1,0,52.0,0,3,2,0,3,4,1,0,0,1,1,0,0,0,1,1820.0,3,2,1,1,1,3,3
385,0.0,3,25.0,0,0,7.8958,0,1,1,1,3,1,0,0,0,1,0,0,1,1,0,197.395,3,3,0,0,0,3,0
386,0.0,2,18.0,0,0,73.5,0,1,1,1,2,4,0,0,0,1,0,1,0,1,0,1323.0,2,2,1,1,0,2,3
387,0.0,3,1.0,5,2,46.9,0,4,8,0,1,4,0,0,0,1,0,0,1,1,0,46.9,12,24,1,0,2,0,3
388,1.0,2,36.0,0,0,13.0,0,2,1,1,3,2,1,0,0,1,0,1,0,0,2,468.0,4,2,0,1,0,4,1
389,0.0,3,25.0,0,0,7.7292,0,1,1,1,3,1,0,0,1,0,0,0,1,1,0,193.23,3,3,0,0,0,3,0
390,1.0,2,17.0,0,0,12.0,0,2,1,1,2,2,1,1,0,0,0,1,0,1,2,204.0,4,2,0,1,0,2,1
391,1.0,1,36.0,1,2,120.0,1,1,4,0,3,4,0,0,0,1,1,0,0,1,0,4320.0,1,4,1,1,1,4,3
392,1.0,3,21.0,0,0,7.7958,0,1,1,1,3,1,0,0,0,1,0,0,1,1,0,163.71179999999998,3,3,0,0,0,3,0
393,0.0,3,28.0,2,0,7.925,0,1,3,0,3,2,0,0,0,1,0,0,1,1,0,221.9,3,9,0,0,1,3,1
394,1.0,1,23.0,1,0,113.275,1,2,2,0,3,4,1,1,0,0,1,0,0,0,1,2605.3250000000003,2,2,1,1,1,3,3
395,1.0,3,24.0,0,2,16.7,1,3,3,0,3,3,1,0,0,1,0,0,1,0,3,400.79999999999995,9,9,0,0,1,3,2
396,0.0,3,22.0,0,0,7.7958,0,1,1,1,3,1,0,0,0,1,0,0,1,1,0,171.5076,3,3,0,0,0,3,0
397,0.0,3,31.0,0,0,7.8542,0,2,1,1,3,1,1,0,0,1,0,0,1,0,3,243.4802,6,3,0,0,0,3,0
398,0.0,2,46.0,0,0,26.0,0,1,1,1,3,3,0,0,0,1,0,1,0,1,0,1196.0,2,2,0,1,0,4,2
399,0.0,2,23.0,0,0,10.5,0,5,1,1,3,2,0,0,0,1,0,1,0,1,0,241.5,10,2,0,0,0,3,1
400,1.0,2,28.0,0,0,12.65,0,3,1,1,3,2,1,0,0,1,0,1,0,0,2,354.2,6,2,0,0,0,3,1
401,1.0,3,39.0,0,0,7.925,0,1,1,1,3,2,0,0,0,1,0,0,1,1,0,309.075,3,3,0,0,0,4,1
402,0.0,3,26.0,0,0,8.05,0,1,1,1,3,2,0,0,0,1,0,0,1,1,0,209.3,3,3,0,0,0,3,1
403,0.0,3,21.0,1,0,9.825,0,2,2,0,3,2,1,0,0,1,0,0,1,0,3,206.325,6,6,0,0,1,3,1
404,0.0,3,28.0,1,0,15.85,0,1,2,0,3,3,0,0,0,1,0,0,1,1,0,443.8,3,6,0,0,1,3,2
405,0.0,3,20.0,0,0,8.6625,0,2,1,1,3,2,1,0,0,1,0,0,1,0,3,173.25,6,3,0,0,0,3,1
406,0.0,2,34.0,1,0,21.0,0,1,2,0,3,3,0,0,0,1,0,1,0,1,0,714.0,2,4,0,1,1,3,2
407,0.0,3,51.0,0,0,7.75,0,1,1,1,3,1,0,0,0,1,0,0,1,1,0,395.25,3,3,0,0,0,4,0
408,1.0,2,3.0,1,1,18.75,0,4,3,0,1,3,0,0,0,1,0,1,0,1,0,56.25,8,6,0,0,1,0,2
409,0.0,3,21.0,0,0,7.775,0,1,1,1,3,1,0,0,0,1,0,0,1,1,0,163.275,3,3,0,0,0,3,0
410,0.0,3,22.0,3,1,25.4667,0,2,5,0,3,3,1,0,0,1,0,0,1,0,3,560.2674,6,15,0,0,2,3,2
411,0.0,3,25.0,0,0,7.8958,0,1,1,1,3,1,0,0,0,1,0,0,1,1,0,197.395,3,3,0,0,0,3,0
412,0.0,3,25.0,0,0,6.8583,0,1,1,1,3,1,0,0,1,0,0,0,1,1,0,171.45749999999998,3,3,0,0,0,3,0
413,1.0,1,33.0,1,0,90.0,1,2,2,0,3,4,1,0,1,0,1,0,0,0,1,2970.0,2,2,1,1,1,3,3
414,0.0,2,29.5,0,0,0.0,0,1,1,1,3,1,0,0,0,1,0,1,0,1,0,0.0,2,2,0,1,0,3,0
415,1.0,3,44.0,0,0,7.925,0,1,1,1,3,2,0,0,0,1,0,0,1,1,0,348.7,3,3,0,0,0,4,1
416,0.0,3,22.0,0,0,8.05,0,3,1,1,3,2,1,0,0,1,0,0,1,0,3,177.10000000000002,9,3,0,0,0,3,1
417,1.0,2,34.0,1,1,32.5,0,3,3,0,3,4,1,0,0,1,0,1,0,0,2,1105.0,6,6,1,0,1,3,3
418,1.0,2,18.0,0,2,13.0,0,2,3,0,2,2,1,0,0,1,0,1,0,0,2,234.0,4,6,0,1,1,2,1
419,0.0,2,30.0,0,0,13.0,0,1,1,1,3,2,0,0,0,1,0,1,0,1,0,390.0,2,2,0,1,0,3,1
420,0.0,3,10.0,0,2,24.15,0,2,3,0,1,3,1,0,0,1,0,0,1,1,3,241.5,6,9,0,0,1,1,2
421,0.0,3,25.0,0,0,7.8958,0,1,1,1,3,1,0,1,0,0,0,0,1,1,0,197.395,3,3,0,0,0,3,0
422,0.0,3,21.0,0,0,7.7333,0,1,1,1,3,1,0,0,1,0,0,0,1,1,0,162.39929999999998,3,3,0,0,0,3,0
423,0.0,3,29.0,0,0,7.875,0,1,1,1,3,1,0,0,0,1,0,0,1,1,0,228.375,3,3,0,0,0,3,0
424,0.0,3,28.0,1,1,14.4,0,3,3,0,3,2,1,0,0,1,0,0,1,0,3,403.2,9,9,0,0,1,3,1
425,0.0,3,18.0,1,1,20.2125,0,1,3,0,2,3,0,0,0,1,0,0,1,1,0,363.825,3,9,0,0,1,2,2
426,0.0,3,25.0,0,0,7.25,0,1,1,1,3,1,0,0,0,1,0,0,1,1,0,181.25,3,3,0,0,0,3,0
427,1.0,2,28.0,1,0,26.0,0,3,2,0,3,3,1,0,0,1,0,1,0,0,2,728.0,6,4,0,0,1,3,2
428,1.0,2,19.0,0,0,26.0,0,2,1,1,3,3,1,0,0,1,0,1,0,0,2,494.0,4,2,0,1,0,3,2
429,0.0,3,25.0,0,0,7.75,0,1,1,1,3,1,0,0,1,0,0,0,1,1,0,193.75,3,3,0,0,0,3,0
430,1.0,3,32.0,0,0,8.05,1,1,1,1,3,2,0,0,0,1,0,0,1,1,0,257.6,3,3,0,0,0,3,1
431,1.0,1,28.0,0,0,26.55,1,1,1,1,3,3,0,0,0,1,1,0,0,1,0,743.4,1,1,0,1,0,3,2
432,1.0,3,22.0,1,0,16.1,0,3,2,0,3,3,1,0,0,1,0,0,1,0,3,354.20000000000005,9,6,0,0,1,3,2
433,1.0,2,42.0,1,0,26.0,0,3,2,0,3,3,1,0,0,1,0,1,0,0,2,1092.0,6,4,0,0,1,4,2
434,0.0,3,17.0,0,0,7.125,0,1,1,1,2,1,0,0,0,1,0,0,1,1,0,121.125,3,3,0,0,0,2,0
435,0.0,1,50.0,1,0,55.9,1,1,2,0,3,4,0,0,0,1,1,0,0,1,0,2795.0,1,2,1,1,1,4,3
436,1.0,1,14.0,1,2,120.0,1,2,4,0,2,4,1,0,0,1,1,0,0,1,1,1680.0,2,4,1,1,1,2,3
437,0.0,3,21.0,2,2,34.375,0,2,5,0,3,4,1,0,0,1,0,0,1,0,3,721.875,6,15,1,0,2,3,3
438,1.0,2,24.0,2,3,18.75,0,3,6,0,3,3,1,0,0,1,0,1,0,0,2,450.0,6,12,0,0,2,3,2
439,0.0,1,64.0,1,4,133.65,1,1,6,0,4,4,0,0,0,1,1,0,0,1,0,8553.6,1,6,1,1,2,5,3
440,0.0,2,31.0,0,0,10.5,0,1,1,1,3,2,0,0,0,1,0,1,0,1,0,325.5,2,2,0,1,0,3,1
441,1.0,2,45.0,1,1,26.25,0,3,3,0,3,3,1,0,0,1,0,1,0,0,2,1181.25,6,6,0,0,1,4,2
442,0.0,3,20.0,0,0,9.5,0,1,1,1,3,2,0,0,0,1,0,0,1,1,0,190.0,3,3,0,0,0,3,1
443,0.0,3,25.0,1,0,7.775,0,1,2,0,3,1,0,0,0,1,0,0,1,1,0,194.375,3,6,0,0,1,3,0
444,1.0,2,28.0,0,0,13.0,0,5,1,1,3,2,1,0,0,1,0,1,0,0,2,364.0,10,2,0,0,0,3,1
445,1.0,3,25.0,0,0,8.1125,0,1,1,1,3,2,0,0,0,1,0,0,1,1,0,202.81250000000003,3,3,0,0,0,3,1
446,1.0,1,4.0,0,2,81.8583,1,4,3,0,1,4,0,0,0,1,1,0,0,1,0,327.4332,4,3,1,0,1,0,3
447,1.0,2,13.0,0,1,19.5,0,2,2,0,2,3,1,0,0,1,0,1,0,1,2,253.5,4,4,0,1,1,2,2
448,1.0,1,34.0,0,0,26.55,0,1,1,1,3,3,0,0,0,1,1,0,0,1,0,902.7,1,1,0,1,0,3,2
449,1.0,3,5.0,2,1,19.2583,0,2,4,0,1,3,1,1,0,0,0,0,1,1,3,96.29149999999998,6,12,0,0,1,0,2
450,1.0,1,52.0,0,0,30.5,1,5,1,1,3,3,0,0,0,1,1,0,0,1,0,1586.0,5,1,0,0,0,4,2
451,0.0,2,36.0,1,2,27.75,0,1,4,0,3,3,0,0,0,1,0,1,0,1,0,999.0,2,8,0,1,1,4,2
452,0.0,3,25.0,1,0,19.9667,0,1,2,0,3,3,0,0,0,1,0,0,1,1,0,499.16749999999996,3,6,0,0,1,3,2
453,0.0,1,30.0,0,0,27.75,1,1,1,1,3,3,0,1,0,0,1,0,0,1,0,832.5,1,1,0,1,0,3,2
454,1.0,1,49.0,1,0,89.1042,1,1,2,0,3,4,0,1,0,0,1,0,0,1,0,4366.1058,1,2,1,1,1,4,3
455,0.0,3,25.0,0,0,8.05,0,1,1,1,3,2,0,0,0,1,0,0,1,1,0,201.25000000000003,3,3,0,0,0,3,1
456,1.0,3,29.0,0,0,7.8958,0,1,1,1,3,1,0,1,0,0,0,0,1,1,0,228.97820000000002,3,3,0,0,0,3,0
457,0.0,1,65.0,0,0,26.55,1,1,1,1,4,3,0,0,0,1,1,0,0,1,0,1725.75,1,1,0,1,0,5,2
458,1.0,1,36.0,1,0,51.8625,1,3,2,0,3,4,1,0,0,1,1,0,0,0,1,1867.05,3,2,1,1,1,4,3
459,1.0,2,50.0,0,0,10.5,0,2,1,1,3,2,1,0,0,1,0,1,0,0,2,525.0,4,2,0,1,0,4,1
460,0.0,3,25.0,0,0,7.75,0,1,1,1,3,1,0,0,1,0,0,0,1,1,0,193.75,3,3,0,0,0,3,0
461,1.0,1,48.0,0,0,26.55,1,1,1,1,3,3,0,0,0,1,1,0,0,1,0,1274.4,1,1,0,1,0,4,2
462,0.0,3,34.0,0,0,8.05,0,1,1,1,3,2,0,0,0,1,0,0,1,1,0,273.70000000000005,3,3,0,0,0,3,1
463,0.0,1,47.0,0,0,38.5,1,1,1,1,3,4,0,0,0,1,1,0,0,1,0,1809.5,1,1,1,1,0,4,3
464,0.0,2,48.0,0,0,13.0,0,1,1,1,3,2,0,0,0,1,0,1,0,1,0,624.0,2,2,0,1,0,4,1
465,0.0,3,25.0,0,0,8.05,0,1,1,1,3,2,0,0,0,1,0,0,1,1,0,201.25000000000003,3,3,0,0,0,3,1
466,0.0,3,38.0,0,0,7.05,0,1,1,1,3,1,0,0,0,1,0,0,1,1,0,267.9,3,3,0,0,0,4,0
467,0.0,2,29.5,0,0,0.0,0,1,1,1,3,1,0,0,0,1,0,1,0,1,0,0.0,2,2,0,1,0,3,0
468,0.0,1,56.0,0,0,26.55,0,1,1,1,3,3,0,0,0,1,1,0,0,1,0,1486.8,1,1,0,1,0,4,2
469,0.0,3,25.0,0,0,7.725,0,1,1,1,3,1,0,0,1,0,0,0,1,1,0,193.125,3,3,0,0,0,3,0
470,1.0,3,0.75,2,1,19.2583,0,2,4,0,1,3,1,1,0,0,0,0,1,1,3,14.443724999999999,6,12,0,0,1,0,2
471,0.0,3,25.0,0,0,7.25,0,1,1,1,3,1,0,0,0,1,0,0,1,1,0,181.25,3,3,0,0,0,3,0
472,0.0,3,38.0,0,0,8.6625,0,1,1,1,3,2,0,0,0,1,0,0,1,1,0,329.175,3,3,0,0,0,4,1
473,1.0,2,33.0,1,2,27.75,0,3,4,0,3,3,1,0,0,1,0,1,0,0,2,915.75,6,8,0,0,1,3,2
474,1.0,2,23.0,0,0,13.7917,1,3,1,1,3,2,1,1,0,0,0,1,0,0,2,317.20910000000003,6,2,0,0,0,3,1
475,0.0,3,22.0,0,0,9.8375,0,2,1,1,3,2,1,0,0,1,0,0,1,0,3,216.425,6,3,0,0,0,3,1
476,0.0,1,42.0,0,0,52.0,1,1,1,1,3,4,0,0,0,1,1,0,0,1,0,2184.0,1,1,1,1,0,4,3
477,0.0,2,34.0,1,0,21.0,0,1,2,0,3,3,0,0,0,1,0,1,0,1,0,714.0,2,4,0,1,1,3,2
478,0.0,3,29.0,1,0,7.0458,0,1,2,0,3,1,0,0,0,1,0,0,1,1,0,204.32819999999998,3,6,0,0,1,3,0
479,0.0,3,22.0,0,0,7.5208,0,1,1,1,3,1,0,0,0,1,0,0,1,1,0,165.4576,3,3,0,0,0,3,0
480,1.0,3,2.0,0,1,12.2875,0,2,2,0,1,2,1,0,0,1,0,0,1,1,3,24.575,6,6,0,0,1,0,1
481,0.0,3,9.0,5,2,46.9,0,4,8,0,1,4,0,0,0,1,0,0,1,1,0,422.09999999999997,12,24,1,0,2,1,3
482,0.0,2,29.5,0,0,0.0,0,1,1,1,3,1,0,0,0,1,0,1,0,1,0,0.0,2,2,0,1,0,3,0
483,0.0,3,50.0,0,0,8.05,0,1,1,1,3,2,0,0,0,1,0,0,1,1,0,402.50000000000006,3,3,0,0,0,4,1
484,1.0,3,63.0,0,0,9.5875,0,3,1,1,4,2,1,0,0,1,0,0,1,0,3,604.0125,9,3,0,0,0,5,1
485,1.0,1,25.0,1,0,91.0792,1,1,2,0,3,4,0,1,0,0,1,0,0,1,0,2276.98,1,2,1,1,1,3,3
486,0.0,3,22.0,3,1,25.4667,0,2,5,0,3,3,1,0,0,1,0,0,1,0,3,560.2674,6,15,0,0,2,3,2
487,1.0,1,35.0,1,0,90.0,1,3,2,0,3,4,1,0,0,1,1,0,0,0,1,3150.0,3,2,1,1,1,3,3
488,0.0,1,58.0,0,0,29.7,1,1,1,1,3,3,0,1,0,0,1,0,0,1,0,1722.6,1,1,0,1,0,4,2
489,0.0,3,30.0,0,0,8.05,0,1,1,1,3,2,0,0,0,1,0,0,1,1,0,241.50000000000003,3,3,0,0,0,3,1
490,1.0,3,9.0,1,1,15.9,0,4,3,0,1,3,0,0,0,1,0,0,1,1,0,143.1,12,9,0,0,1,1,2
491,0.0,3,25.0,1,0,19.9667,0,1,2,0,3,3,0,0,0,1,0,0,1,1,0,499.16749999999996,3,6,0,0,1,3,2
492,0.0,3,21.0,0,0,7.25,0,1,1,1,3,1,0,0,0,1,0,0,1,1,0,152.25,3,3,0,0,0,3,0
493,0.0,1,55.0,0,0,30.5,1,1,1,1,3,3,0,0,0,1,1,0,0,1,0,1677.5,1,1,0,1,0,4,2
494,0.0,1,71.0,0,0,49.5042,0,1,1,1,4,4,0,1,0,0,1,0,0,1,0,3514.7981999999997,1,1,1,1,0,5,3
495,0.0,3,21.0,0,0,8.05,0,1,1,1,3,2,0,0,0,1,0,0,1,1,0,169.05,3,3,0,0,0,3,1
496,0.0,3,25.0,0,0,14.4583,0,1,1,1,3,3,0,1,0,0,0,0,1,1,0,361.4575,3,3,0,0,0,3,2
497,1.0,1,54.0,1,0,78.2667,1,2,2,0,3,4,1,1,0,0,1,0,0,0,1,4226.4018,2,2,1,1,1,4,3
498,0.0,3,25.0,0,0,15.1,0,1,1,1,3,3,0,0,0,1,0,0,1,1,0,377.5,3,3,0,0,0,3,2
499,0.0,1,25.0,1,2,133.65,1,3,4,0,3,4,1,0,0,1,1,0,0,0,1,3341.25,3,4,1,1,1,3,3
500,0.0,3,24.0,0,0,7.7958,0,1,1,1,3,1,0,0,0,1,0,0,1,1,0,187.0992,3,3,0,0,0,3,0
501,0.0,3,17.0,0,0,8.6625,0,1,1,1,2,2,0,0,0,1,0,0,1,1,0,147.2625,3,3,0,0,0,2,1
502,0.0,3,21.0,0,0,7.75,0,2,1,1,3,1,1,0,1,0,0,0,1,0,3,162.75,6,3,0,0,0,3,0
503,0.0,3,22.0,0,0,7.6292,0,2,1,1,3,1,1,0,1,0,0,0,1,0,3,167.8424,6,3,0,0,0,3,0
504,0.0,3,37.0,0,0,9.5875,0,2,1,1,3,2,1,0,0,1,0,0,1,0,3,354.7375,6,3,0,0,0,4,1
505,1.0,1,16.0,0,0,86.5,1,2,1,1,2,4,1,0,0,1,1,0,0,1,1,1384.0,2,1,1,1,0,2,3
506,0.0,1,18.0,1,0,108.9,1,1,2,0,2,4,0,1,0,0,1,0,0,1,0,1960.2,1,2,1,1,1,2,3
507,1.0,2,33.0,0,2,26.0,0,3,3,0,3,3,1,0,0,1,0,1,0,0,2,858.0,6,6,0,0,1,3,2
508,1.0,1,42.0,0,0,26.55,0,1,1,1,3,3,0,0,0,1,1,0,0,1,0,1115.1000000000001,1,1,0,1,0,4,2
509,0.0,3,28.0,0,0,22.525,0,1,1,1,3,3,0,0,0,1,0,0,1,1,0,630.6999999999999,3,3,0,0,0,3,2
510,1.0,3,26.0,0,0,56.4958,0,1,1,1,3,4,0,0,0,1,0,0,1,1,0,1468.8908000000001,3,3,1,0,0,3,3
511,1.0,3,29.0,0,0,7.75,0,1,1,1,3,1,0,0,1,0,0,0,1,1,0,224.75,3,3,0,0,0,3,0
512,0.0,3,25.0,0,0,8.05,0,1,1,1,3,2,0,0,0,1,0,0,1,1,0,201.25000000000003,3,3,0,0,0,3,1
513,1.0,1,36.0,0,0,26.2875,1,1,1,1,3,3,0,0,0,1,1,0,0,1,0,946.35,1,1,0,1,0,4,2
514,1.0,1,54.0,1,0,59.4,0,3,2,0,3,4,1,1,0,0,1,0,0,0,1,3207.6,3,2,1,1,1,4,3
515,0.0,3,24.0,0,0,7.4958,0,1,1,1,3,1,0,0,0,1,0,0,1,1,0,179.8992,3,3,0,0,0,3,0
516,0.0,1,47.0,0,0,34.0208,1,1,1,1,3,4,0,0,0,1,1,0,0,1,0,1598.9776000000002,1,1,1,1,0,4,3
517,1.0,2,34.0,0,0,10.5,1,3,1,1,3,2,1,0,0,1,0,1,0,0,2,357.0,6,2,0,0,0,3,1
518,0.0,3,25.0,0,0,24.15,0,1,1,1,3,3,0,0,1,0,0,0,1,1,0,603.75,3,3,0,0,0,3,2
519,1.0,2,36.0,1,0,26.0,0,3,2,0,3,3,1,0,0,1,0,1,0,0,2,936.0,6,4,0,0,1,4,2
520,0.0,3,32.0,0,0,7.8958,0,1,1,1,3,1,0,0,0,1,0,0,1,1,0,252.6656,3,3,0,0,0,3,0
521,1.0,1,30.0,0,0,93.5,1,2,1,1,3,4,1,0,0,1,1,0,0,0,1,2805.0,2,1,1,1,0,3,3
522,0.0,3,22.0,0,0,7.8958,0,1,1,1,3,1,0,0,0,1,0,0,1,1,0,173.7076,3,3,0,0,0,3,0
523,0.0,3,25.0,0,0,7.225,0,1,1,1,3,1,0,1,0,0,0,0,1,1,0,180.625,3,3,0,0,0,3,0
524,1.0,1,44.0,0,1,57.9792,1,3,2,0,3,4,1,1,0,0,1,0,0,0,1,2551.0848,3,2,1,1,1,4,3
525,0.0,3,25.0,0,0,7.2292,0,1,1,1,3,1,0,1,0,0,0,0,1,1,0,180.73,3,3,0,0,0,3,0
526,0.0,3,40.5,0,0,7.75,0,1,1,1,3,1,0,0,1,0,0,0,1,1,0,313.875,3,3,0,0,0,4,0
527,1.0,2,50.0,0,0,10.5,0,2,1,1,3,2,1,0,0,1,0,1,0,0,2,525.0,4,2,0,1,0,4,1
528,0.0,1,42.0,0,0,133.65,1,1,1,1,3,4,0,0,0,1,1,0,0,1,0,5613.3,1,1,1,1,0,4,3
529,0.0,3,39.0,0,0,7.925,0,1,1,1,3,2,0,0,0,1,0,0,1,1,0,309.075,3,3,0,0,0,4,1
530,0.0,2,23.0,2,1,11.5,0,1,4,0,3,2,0,0,0,1,0,1,0,1,0,264.5,2,8,0,1,1,3,1
531,1.0,2,2.0,1,1,26.0,0,2,3,0,1,3,1,0,0,1,0,1,0,1,2,52.0,4,6,0,1,1,0,2
532,0.0,3,25.0,0,0,7.2292,0,1,1,1,3,1,0,1,0,0,0,0,1,1,0,180.73,3,3,0,0,0,3,0
533,0.0,3,17.0,1,1,7.2292,0,1,3,0,2,1,0,1,0,0,0,0,1,1,0,122.8964,3,9,0,0,1,2,0
534,1.0,3,22.0,0,2,22.3583,0,3,3,0,3,3,1,1,0,0,0,0,1,0,3,491.8826,9,9,0,0,1,3,2
535,0.0,3,30.0,0,0,8.6625,0,2,1,1,3,2,1,0,0,1,0,0,1,0,3,259.875,6,3,0,0,0,3,1
536,1.0,2,7.0,0,2,26.25,0,2,3,0,1,3,1,0,0,1,0,1,0,1,2,183.75,4,6,0,1,1,1,2
537,0.0,1,45.0,0,0,26.55,1,5,1,1,3,3,0,0,0,1,1,0,0,1,0,1194.75,5,1,0,0,0,4,2
538,1.0,1,30.0,0,0,106.425,0,2,1,1,3,4,1,1,0,0,1,0,0,0,1,3192.75,2,1,1,1,0,3,3
539,0.0,3,25.0,0,0,14.5,0,1,1,1,3,3,0,0,0,1,0,0,1,1,0,362.5,3,3,0,0,0,3,2
540,1.0,1,22.0,0,2,49.5,1,2,3,0,3,4,1,1,0,0,1,0,0,0,1,1089.0,2,3,1,1,1,3,3
541,1.0,1,36.0,0,2,71.0,1,2,3,0,3,4,1,0,0,1,1,0,0,0,1,2556.0,2,3,1,1,1,4,3
542,0.0,3,9.0,4,2,31.275,0,2,7,0,1,3,1,0,0,1,0,0,1,1,3,281.47499999999997,6,21,1,0,2,1,3
543,0.0,3,11.0,4,2,31.275,0,2,7,0,1,3,1,0,0,1,0,0,1,1,3,344.025,6,21,1,0,2,1,3
544,1.0,2,32.0,1,0,26.0,0,1,2,0,3,3,0,0,0,1,0,1,0,1,0,832.0,2,4,0,1,1,3,2
545,0.0,1,50.0,1,0,106.425,1,1,2,0,3,4,0,1,0,0,1,0,0,1,0,5321.25,1,2,1,1,1,4,3
546,0.0,1,64.0,0,0,26.0,0,1,1,1,4,3,0,0,0,1,1,0,0,1,0,1664.0,1,1,0,1,0,5,2
547,1.0,2,19.0,1,0,26.0,0,3,2,0,3,3,1,0,0,1,0,1,0,0,2,494.0,6,4,0,0,1,3,2
548,1.0,2,29.5,0,0,13.8625,0,1,1,1,3,2,0,1,0,0,0,1,0,1,0,408.94375,2,2,0,1,0,3,1
549,0.0,3,33.0,1,1,20.525,0,1,3,0,3,3,0,0,0,1,0,0,1,1,0,677.3249999999999,3,9,0,0,1,3,2
550,1.0,2,8.0,1,1,36.75,0,4,3,0,1,4,0,0,0,1,0,1,0,1,0,294.0,8,6,1,0,1,1,3
551,1.0,1,17.0,0,2,110.8833,1,1,3,0,2,4,0,1,0,0,1,0,0,1,0,1885.0161,1,3,1,1,1,2,3
552,0.0,2,27.0,0,0,26.0,0,1,1,1,3,3,0,0,0,1,0,1,0,1,0,702.0,2,2,0,1,0,3,2
553,0.0,3,25.0,0,0,7.8292,0,1,1,1,3,1,0,0,1,0,0,0,1,1,0,195.73000000000002,3,3,0,0,0,3,0
554,1.0,3,22.0,0,0,7.225,0,1,1,1,3,1,0,1,0,0,0,0,1,1,0,158.95,3,3,0,0,0,3,0
555,1.0,3,22.0,0,0,7.775,0,2,1,1,3,1,1,0,0,1,0,0,1,0,3,171.05,6,3,0,0,0,3,0
556,0.0,1,62.0,0,0,26.55,0,1,1,1,4,3,0,0,0,1,1,0,0,1,0,1646.1000000000001,1,1,0,1,0,5,2
557,1.0,1,48.0,1,0,39.6,1,5,2,0,3,4,1,1,0,0,1,0,0,0,1,1900.8000000000002,5,2,1,0,1,4,3
558,0.0,1,42.0,0,0,133.65,0,1,1,1,3,4,0,1,0,0,1,0,0,1,0,5613.3,1,1,1,1,0,4,3
559,1.0,1,39.0,1,1,79.65,1,3,3,0,3,4,1,0,0,1,1,0,0,0,1,3106.3500000000004,3,3,1,1,1,4,3
560,1.0,3,36.0,1,0,17.4,0,3,2,0,3,3,1,0,0,1,0,0,1,0,3,626.4,9,6,0,0,1,4,2
561,0.0,3,25.0,0,0,7.75,0,1,1,1,3,1,0,0,1,0,0,0,1,1,0,193.75,3,3,0,0,0,3,0
562,0.0,3,40.0,0,0,7.8958,0,1,1,1,3,1,0,0,0,1,0,0,1,1,0,315.832,3,3,0,0,0,4,0
563,0.0,2,28.0,0,0,13.5,0,1,1,1,3,2,0,0,0,1,0,1,0,1,0,378.0,2,2,0,1,0,3,1
564,0.0,3,25.0,0,0,8.05,0,1,1,1,3,2,0,0,0,1,0,0,1,1,0,201.25000000000003,3,3,0,0,0,3,1
565,0.0,3,22.0,0,0,8.05,0,2,1,1,3,2,1,0,0,1,0,0,1,0,3,177.10000000000002,6,3,0,0,0,3,1
566,0.0,3,24.0,2,0,24.15,0,1,3,0,3,3,0,0,0,1,0,0,1,1,0,579.5999999999999,3,9,0,0,1,3,2
567,0.0,3,19.0,0,0,7.8958,0,1,1,1,3,1,0,0,0,1,0,0,1,1,0,150.02020000000002,3,3,0,0,0,3,0
568,0.0,3,29.0,0,4,21.075,0,3,5,0,3,3,1,0,0,1,0,0,1,0,3,611.175,9,15,0,0,2,3,2
569,0.0,3,25.0,0,0,7.2292,0,1,1,1,3,1,0,1,0,0,0,0,1,1,0,180.73,3,3,0,0,0,3,0
570,1.0,3,32.0,0,0,7.8542,0,1,1,1,3,1,0,0,0,1,0,0,1,1,0,251.3344,3,3,0,0,0,3,0
571,1.0,2,62.0,0,0,10.5,0,1,1,1,4,2,0,0,0,1,0,1,0,1,0,651.0,2,2,0,1,0,5,1
572,1.0,1,53.0,2,0,51.4792,1,3,3,0,3,4,1,0,0,1,1,0,0,0,1,2728.3976,3,3,1,1,1,4,3
573,1.0,1,36.0,0,0,26.3875,1,1,1,1,3,3,0,0,0,1,1,0,0,1,0,949.9499999999999,1,1,0,1,0,4,2
574,1.0,3,22.0,0,0,7.75,0,2,1,1,3,1,1,0,1,0,0,0,1,0,3,170.5,6,3,0,0,0,3,0
575,0.0,3,16.0,0,0,8.05,0,1,1,1,2,2,0,0,0,1,0,0,1,1,0,128.8,3,3,0,0,0,2,1
576,0.0,3,19.0,0,0,14.5,0,1,1,1,3,3,0,0,0,1,0,0,1,1,0,275.5,3,3,0,0,0,3,2
577,1.0,2,34.0,0,0,13.0,0,2,1,1,3,2,1,0,0,1,0,1,0,0,2,442.0,4,2,0,1,0,3,1
578,1.0,1,39.0,1,0,55.9,1,3,2,0,3,4,1,0,0,1,1,0,0,0,1,2180.1,3,2,1,1,1,4,3
579,0.0,3,22.0,1,0,14.4583,0,3,2,0,3,3,1,1,0,0,0,0,1,0,3,318.0826,9,6,0,0,1,3,2
580,1.0,3,32.0,0,0,7.925,0,1,1,1,3,2,0,0,0,1,0,0,1,1,0,253.6,3,3,0,0,0,3,1
581,1.0,2,25.0,1,1,30.0,0,2,3,0,3,3,1,0,0,1,0,1,0,0,2,750.0,4,6,0,1,1,3,2
582,1.0,1,39.0,1,1,110.8833,1,3,3,0,3,4,1,1,0,0,1,0,0,0,1,4324.4487,3,3,1,1,1,4,3
583,0.0,2,54.0,0,0,26.0,0,1,1,1,3,3,0,0,0,1,0,1,0,1,0,1404.0,2,2,0,1,0,4,2
584,0.0,1,36.0,0,0,40.125,1,1,1,1,3,4,0,1,0,0,1,0,0,1,0,1444.5,1,1,1,1,0,4,3
585,0.0,3,25.0,0,0,8.7125,0,1,1,1,3,2,0,1,0,0,0,0,1,1,0,217.8125,3,3,0,0,0,3,1
586,1.0,1,18.0,0,2,79.65,1,2,3,0,2,4,1,0,0,1,1,0,0,0,1,1433.7,2,3,1,1,1,2,3
587,0.0,2,47.0,0,0,15.0,0,1,1,1,3,3,0,0,0,1,0,1,0,1,0,705.0,2,2,0,1,0,4,2
588,1.0,1,60.0,1,1,79.2,1,1,3,0,3,4,0,1,0,0,1,0,0,1,0,4752.0,1,3,1,1,1,4,3
589,0.0,3,22.0,0,0,8.05,0,1,1,1,3,2,0,0,0,1,0,0,1,1,0,177.10000000000002,3,3,0,0,0,3,1
590,0.0,3,25.0,0,0,8.05,0,1,1,1,3,2,0,0,0,1,0,0,1,1,0,201.25000000000003,3,3,0,0,0,3,1
591,0.0,3,35.0,0,0,7.125,0,1,1,1,3,1,0,0,0,1,0,0,1,1,0,249.375,3,3,0,0,0,3,0
592,1.0,1,52.0,1,0,78.2667,1,3,2,0,3,4,1,1,0,0,1,0,0,0,1,4069.8684,3,2,1,1,1,4,3
593,0.0,3,47.0,0,0,7.25,0,1,1,1,3,1,0,0,0,1,0,0,1,1,0,340.75,3,3,0,0,0,4,0
594,0.0,3,22.0,0,2,7.75,0,2,3,0,3,1,1,0,1,0,0,0,1,0,3,170.5,6,9,0,0,1,3,0
595,0.0,2,37.0,1,0,26.0,0,1,2,0,3,3,0,0,0,1,0,1,0,1,0,962.0,2,4,0,1,1,4,2
596,0.0,3,36.0,1,1,24.15,0,1,3,0,3,3,0,0,0,1,0,0,1,1,0,869.4,3,9,0,0,1,4,2
597,1.0,2,28.0,0,0,33.0,0,2,1,1,3,4,1,0,0,1,0,1,0,0,2,924.0,4,2,1,1,0,3,3
598,0.0,3,49.0,0,0,0.0,0,1,1,1,3,1,0,0,0,1,0,0,1,1,0,0.0,3,3,0,0,0,4,0
599,0.0,3,25.0,0,0,7.225,0,1,1,1,3,1,0,1,0,0,0,0,1,1,0,180.625,3,3,0,0,0,3,0
600,1.0,1,49.0,1,0,56.9292,1,5,2,0,3,4,0,1,0,0,1,0,0,1,0,2789.5308,5,2,1,0,1,4,3
601,1.0,2,24.0,2,1,27.0,0,3,4,0,3,3,1,0,0,1,0,1,0,0,2,648.0,6,8,0,0,1,3,2
602,0.0,3,25.0,0,0,7.8958,0,1,1,1,3,1,0,0,0,1,0,0,1,1,0,197.395,3,3,0,0,0,3,0
603,0.0,1,42.0,0,0,42.4,0,1,1,1,3,4,0,0,0,1,1,0,0,1,0,1780.8,1,1,1,1,0,4,3
604,0.0,3,44.0,0,0,8.05,0,1,1,1,3,2,0,0,0,1,0,0,1,1,0,354.20000000000005,3,3,0,0,0,4,1
605,1.0,1,35.0,0,0,26.55,0,1,1,1,3,3,0,1,0,0,1,0,0,1,0,929.25,1,1,0,1,0,3,2
606,0.0,3,36.0,1,0,15.55,0,1,2,0,3,3,0,0,0,1,0,0,1,1,0,559.8000000000001,3,6,0,0,1,4,2
607,0.0,3,30.0,0,0,7.8958,0,1,1,1,3,1,0,0,0,1,0,0,1,1,0,236.87400000000002,3,3,0,0,0,3,0
608,1.0,1,27.0,0,0,30.5,0,1,1,1,3,3,0,0,0,1,1,0,0,1,0,823.5,1,1,0,1,0,3,2
609,1.0,2,22.0,1,2,41.5792,0,3,4,0,3,4,1,1,0,0,0,1,0,0,2,914.7424,6,8,1,0,1,3,3
610,1.0,1,40.0,0,0,133.65,1,2,1,1,3,4,1,0,0,1,1,0,0,0,1,5346.0,2,1,1,1,0,4,3
611,0.0,3,39.0,1,5,31.275,0,3,7,0,3,3,1,0,0,1,0,0,1,0,3,1219.725,9,21,1,0,2,4,3
612,0.0,3,25.0,0,0,7.05,0,1,1,1,3,1,0,0,0,1,0,0,1,1,0,176.25,3,3,0,0,0,3,0
613,1.0,3,22.0,1,0,15.5,0,2,2,0,3,3,1,0,1,0,0,0,1,0,3,341.0,6,6,0,0,1,3,2
614,0.0,3,25.0,0,0,7.75,0,1,1,1,3,1,0,0,1,0,0,0,1,1,0,193.75,3,3,0,0,0,3,0
615,0.0,3,35.0,0,0,8.05,0,1,1,1,3,2,0,0,0,1,0,0,1,1,0,281.75,3,3,0,0,0,3,1
616,1.0,2,24.0,1,2,65.0,0,2,4,0,3,4,1,0,0,1,0,1,0,0,2,1560.0,4,8,1,1,1,3,3
617,0.0,3,34.0,1,1,14.4,0,1,3,0,3,2,0,0,0,1,0,0,1,1,0,489.6,3,9,0,0,1,3,1
618,0.0,3,26.0,1,0,16.1,0,3,2,0,3,3,1,0,0,1,0,0,1,0,3,418.6,9,6,0,0,1,3,2
619,1.0,2,4.0,2,1,39.0,1,2,4,0,1,4,1,0,0,1,0,1,0,1,2,156.0,4,8,1,1,1,0,3
620,0.0,2,26.0,0,0,10.5,0,1,1,1,3,2,0,0,0,1,0,1,0,1,0,273.0,2,2,0,1,0,3,1
621,0.0,3,27.0,1,0,14.4542,0,1,2,0,3,2,0,1,0,0,0,0,1,1,0,390.2634,3,6,0,0,1,3,1
622,1.0,1,42.0,1,0,52.5542,1,1,2,0,3,4,0,0,0,1,1,0,0,1,0,2207.2764,1,2,1,1,1,4,3
623,1.0,3,20.0,1,1,15.7417,0,1,3,0,3,3,0,1,0,0,0,0,1,1,0,314.834,3,9,0,0,1,3,2
624,0.0,3,21.0,0,0,7.8542,0,1,1,1,3,1,0,0,0,1,0,0,1,1,0,164.9382,3,3,0,0,0,3,0
625,0.0,3,21.0,0,0,16.1,0,1,1,1,3,3,0,0,0,1,0,0,1,1,0,338.1,3,3,0,0,0,3,2
626,0.0,1,61.0,0,0,32.3208,1,1,1,1,4,4,0,0,0,1,1,0,0,1,0,1971.5688,1,1,1,1,0,5,3
627,0.0,2,57.0,0,0,12.35,0,5,1,1,3,2,0,0,1,0,0,1,0,1,0,703.9499999999999,10,2,0,0,0,4,1
628,1.0,1,21.0,0,0,77.9583,1,2,1,1,3,4,1,0,0,1,1,0,0,0,1,1637.1243,2,1,1,1,0,3,3
629,0.0,3,26.0,0,0,7.8958,0,1,1,1,3,1,0,0,0,1,0,0,1,1,0,205.29080000000002,3,3,0,0,0,3,0
630,0.0,3,25.0,0,0,7.7333,0,1,1,1,3,1,0,0,1,0,0,0,1,1,0,193.33249999999998,3,3,0,0,0,3,0
631,1.0,1,80.0,0,0,30.0,1,1,1,1,4,3,0,0,0,1,1,0,0,1,0,2400.0,1,1,0,1,0,5,2
632,0.0,3,51.0,0,0,7.0542,0,1,1,1,3,1,0,0,0,1,0,0,1,1,0,359.7642,3,3,0,0,0,4,0
633,1.0,1,32.0,0,0,30.5,1,5,1,1,3,3,0,1,0,0,1,0,0,1,0,976.0,5,1,0,0,0,3,2
634,0.0,1,42.0,0,0,0.0,0,1,1,1,3,1,0,0,0,1,1,0,0,1,0,0.0,1,1,0,1,0,4,0
635,0.0,3,9.0,3,2,27.9,0,2,6,0,1,3,1,0,0,1,0,0,1,1,3,251.1,6,18,0,0,2,1,2
636,1.0,2,28.0,0,0,13.0,0,2,1,1,3,2,1,0,0,1,0,1,0,0,2,364.0,4,2,0,1,0,3,1
637,0.0,3,32.0,0,0,7.925,0,1,1,1,3,2,0,0,0,1,0,0,1,1,0,253.6,3,3,0,0,0,3,1
638,0.0,2,31.0,1,1,26.25,0,1,3,0,3,3,0,0,0,1,0,1,0,1,0,813.75,2,6,0,1,1,3,2
639,0.0,3,41.0,0,5,39.6875,0,3,6,0,3,4,1,0,0,1,0,0,1,0,3,1627.1875,9,18,1,0,2,4,3
640,0.0,3,25.0,1,0,16.1,0,1,2,0,3,3,0,0,0,1,0,0,1,1,0,402.50000000000006,3,6,0,0,1,3,2
641,0.0,3,20.0,0,0,7.8542,0,1,1,1,3,1,0,0,0,1,0,0,1,1,0,157.084,3,3,0,0,0,3,0
642,1.0,1,24.0,0,0,69.3,1,5,1,1,3,4,1,1,0,0,1,0,0,0,1,1663.1999999999998,5,1,1,0,0,3,3
643,0.0,3,2.0,3,2,27.9,0,2,6,0,1,3,1,0,0,1,0,0,1,1,3,55.8,6,18,0,0,2,0,2
644,1.0,3,25.0,0,0,56.4958,0,1,1,1,3,4,0,0,0,1,0,0,1,1,0,1412.395,3,3,1,0,0,3,3
645,1.0,3,0.75,2,1,19.2583,0,2,4,0,1,3,1,1,0,0,0,0,1,1,3,14.443724999999999,6,12,0,0,1,0,2
646,1.0,1,48.0,1,0,76.7292,1,1,2,0,3,4,0,1,0,0,1,0,0,1,0,3683.0016000000005,1,2,1,1,1,4,3
647,0.0,3,19.0,0,0,7.8958,0,1,1,1,3,1,0,0,0,1,0,0,1,1,0,150.02020000000002,3,3,0,0,0,3,0
648,1.0,1,56.0,0,0,35.5,1,5,1,1,3,4,0,1,0,0,1,0,0,1,0,1988.0,5,1,1,0,0,4,3
649,0.0,3,25.0,0,0,7.55,0,1,1,1,3,1,0,0,0,1,0,0,1,1,0,188.75,3,3,0,0,0,3,0
650,1.0,3,23.0,0,0,7.55,0,2,1,1,3,1,1,0,0,1,0,0,1,0,3,173.65,6,3,0,0,0,3,0
651,0.0,3,25.0,0,0,7.8958,0,1,1,1,3,1,0,0,0,1,0,0,1,1,0,197.395,3,3,0,0,0,3,0
652,1.0,2,18.0,0,1,23.0,0,2,2,0,2,3,1,0,0,1,0,1,0,0,2,414.0,4,4,0,1,1,2,2
653,0.0,3,21.0,0,0,8.4333,0,1,1,1,3,2,0,0,0,1,0,0,1,1,0,177.09929999999997,3,3,0,0,0,3,1
654,1.0,3,22.0,0,0,7.8292,0,2,1,1,3,1,1,0,1,0,0,0,1,0,3,172.2424,6,3,0,0,0,3,0
655,0.0,3,18.0,0,0,6.75,0,2,1,1,2,1,1,0,1,0,0,0,1,0,3,121.5,6,3,0,0,0,2,0
656,0.0,2,24.0,2,0,73.5,0,1,3,0,3,4,0,0,0,1,0,1,0,1,0,1764.0,2,6,1,1,1,3,3
657,0.0,3,25.0,0,0,7.8958,0,1,1,1,3,1,0,0,0,1,0,0,1,1,0,197.395,3,3,0,0,0,3,0
658,0.0,3,32.0,1,1,15.5,0,3,3,0,3,3,1,0,1,0,0,0,1,0,3,496.0,9,9,0,0,1,3,2
659,0.0,2,23.0,0,0,13.0,0,1,1,1,3,2,0,0,0,1,0,1,0,1,0,299.0,2,2,0,1,0,3,1
660,0.0,1,58.0,0,2,113.275,1,1,3,0,3,4,0,1,0,0,1,0,0,1,0,6569.950000000001,1,3,1,1,1,4,3
661,1.0,1,50.0,2,0,133.65,0,5,3,0,3,4,0,0,0,1,1,0,0,1,0,6682.5,5,3,1,0,1,4,3
662,0.0,3,40.0,0,0,7.225,0,1,1,1,3,1,0,1,0,0,0,0,1,1,0,289.0,3,3,0,0,0,4,0
663,0.0,1,47.0,0,0,25.5875,1,1,1,1,3,3,0,0,0,1,1,0,0,1,0,1202.6125,1,1,0,1,0,4,2
664,0.0,3,36.0,0,0,7.4958,0,1,1,1,3,1,0,0,0,1,0,0,1,1,0,269.8488,3,3,0,0,0,4,0
665,1.0,3,20.0,1,0,7.925,0,1,2,0,3,2,0,0,0,1,0,0,1,1,0,158.5,3,6,0,0,1,3,1
666,0.0,2,32.0,2,0,73.5,0,1,3,0,3,4,0,0,0,1,0,1,0,1,0,2352.0,2,6,1,1,1,3,3
667,0.0,2,25.0,0,0,13.0,0,1,1,1,3,2,0,0,0,1,0,1,0,1,0,325.0,2,2,0,1,0,3,1
668,0.0,3,25.0,0,0,7.775,0,1,1,1,3,1,0,0,0,1,0,0,1,1,0,194.375,3,3,0,0,0,3,0
669,0.0,3,43.0,0,0,8.05,0,1,1,1,3,2,0,0,0,1,0,0,1,1,0,346.15000000000003,3,3,0,0,0,4,1
670,1.0,1,36.0,1,0,52.0,1,3,2,0,3,4,1,0,0,1,1,0,0,0,1,1872.0,3,2,1,1,1,4,3
671,1.0,2,40.0,1,1,39.0,0,3,3,0,3,4,1,0,0,1,0,1,0,0,2,1560.0,6,6,1,0,1,4,3
672,0.0,1,31.0,1,0,52.0,1,1,2,0,3,4,0,0,0,1,1,0,0,1,0,1612.0,1,2,1,1,1,3,3
673,0.0,2,70.0,0,0,10.5,0,1,1,1,4,2,0,0,0,1,0,1,0,1,0,735.0,2,2,0,1,0,5,1
674,1.0,2,31.0,0,0,13.0,0,1,1,1,3,2,0,0,0,1,0,1,0,1,0,403.0,2,2,0,1,0,3,1
675,0.0,2,29.5,0,0,0.0,0,1,1,1,3,1,0,0,0,1,0,1,0,1,0,0.0,2,2,0,1,0,3,0
676,0.0,3,18.0,0,0,7.775,0,1,1,1,2,1,0,0,0,1,0,0,1,1,0,139.95000000000002,3,3,0,0,0,2,0
677,0.0,3,24.5,0,0,8.05,0,1,1,1,3,2,0,0,0,1,0,0,1,1,0,197.22500000000002,3,3,0,0,0,3,1
678,1.0,3,18.0,0,0,9.8417,0,2,1,1,2,2,1,0,0,1,0,0,1,0,3,177.1506,6,3,0,0,0,2,1
679,0.0,3,43.0,1,6,46.9,0,3,8,0,3,4,1,0,0,1,0,0,1,0,3,2016.7,9,24,1,0,2,4,3
680,1.0,1,36.0,0,1,133.65,1,1,2,0,3,4,0,1,0,0,1,0,0,1,0,4811.400000000001,1,2,1,1,1,4,3
681,0.0,3,22.0,0,0,8.1375,0,2,1,1,3,2,1,0,1,0,0,0,1,0,3,179.02499999999998,6,3,0,0,0,3,1
682,1.0,1,27.0,0,0,76.7292,1,1,1,1,3,4,0,1,0,0,1,0,0,1,0,2071.6884,1,1,1,1,0,3,3
683,0.0,3,20.0,0,0,9.225,0,1,1,1,3,2,0,0,0,1,0,0,1,1,0,184.5,3,3,0,0,0,3,1
684,0.0,3,14.0,5,2,46.9,0,1,8,0,2,4,0,0,0,1,0,0,1,1,0,656.6,3,24,1,0,2,2,3
685,0.0,2,60.0,1,1,39.0,0,1,3,0,3,4,0,0,0,1,0,1,0,1,0,2340.0,2,6,1,1,1,4,3
686,0.0,2,25.0,1,2,41.5792,0,1,4,0,3,4,0,1,0,0,0,1,0,1,0,1039.48,2,8,1,1,1,3,3
687,0.0,3,14.0,4,1,39.6875,0,1,6,0,2,4,0,0,0,1,0,0,1,1,0,555.625,3,18,1,0,2,2,3
688,0.0,3,19.0,0,0,10.1708,0,1,1,1,3,2,0,0,0,1,0,0,1,1,0,193.2452,3,3,0,0,0,3,1
689,0.0,3,18.0,0,0,7.7958,0,1,1,1,2,1,0,0,0,1,0,0,1,1,0,140.3244,3,3,0,0,0,2,0
690,1.0,1,15.0,0,1,133.65,1,2,2,0,2,4,1,0,0,1,1,0,0,1,1,2004.75,2,2,1,1,1,2,3
691,1.0,1,31.0,1,0,57.0,1,1,2,0,3,4,0,0,0,1,1,0,0,1,0,1767.0,1,2,1,1,1,3,3
692,1.0,3,4.0,0,1,13.4167,0,2,2,0,1,2,1,1,0,0,0,0,1,1,3,53.6668,6,6,0,0,1,0,1
693,1.0,3,25.0,0,0,56.4958,0,1,1,1,3,4,0,0,0,1,0,0,1,1,0,1412.395,3,3,1,0,0,3,3
694,0.0,3,25.0,0,0,7.225,0,1,1,1,3,1,0,1,0,0,0,0,1,1,0,180.625,3,3,0,0,0,3,0
695,0.0,1,60.0,0,0,26.55,0,5,1,1,3,3,0,0,0,1,1,0,0,1,0,1593.0,5,1,0,0,0,4,2
696,0.0,2,52.0,0,0,13.5,0,1,1,1,3,2,0,0,0,1,0,1,0,1,0,702.0,2,2,0,1,0,4,1
697,0.0,3,44.0,0,0,8.05,0,1,1,1,3,2,0,0,0,1,0,0,1,1,0,354.20000000000005,3,3,0,0,0,4,1
698,1.0,3,22.0,0,0,7.7333,0,2,1,1,3,1,1,0,1,0,0,0,1,0,3,170.1326,6,3,0,0,0,3,0
699,0.0,1,49.0,1,1,110.8833,1,1,3,0,3,4,0,1,0,0,1,0,0,1,0,5433.2817000000005,1,3,1,1,1,4,3
700,0.0,3,42.0,0,0,7.65,1,1,1,1,3,1,0,0,0,1,0,0,1,1,0,321.3,3,3,0,0,0,4,0
701,1.0,1,18.0,1,0,133.65,1,3,2,0,2,4,1,1,0,0,1,0,0,0,1,2405.7000000000003,3,2,1,1,1,2,3
702,1.0,1,35.0,0,0,26.2875,1,1,1,1,3,3,0,0,0,1,1,0,0,1,0,920.0625,1,1,0,1,0,3,2
703,0.0,3,18.0,0,1,14.4542,0,2,2,0,2,2,1,1,0,0,0,0,1,0,3,260.17560000000003,6,6,0,0,1,2,1
704,0.0,3,25.0,0,0,7.7417,0,1,1,1,3,1,0,0,1,0,0,0,1,1,0,193.5425,3,3,0,0,0,3,0
705,0.0,3,26.0,1,0,7.8542,0,1,2,0,3,1,0,0,0,1,0,0,1,1,0,204.20919999999998,3,6,0,0,1,3,0
706,0.0,2,39.0,0,0,26.0,0,1,1,1,3,3,0,0,0,1,0,1,0,1,0,1014.0,2,2,0,1,0,4,2
707,1.0,2,45.0,0,0,13.5,0,3,1,1,3,2,1,0,0,1,0,1,0,0,2,607.5,6,2,0,0,0,4,1
708,1.0,1,42.0,0,0,26.2875,1,1,1,1,3,3,0,0,0,1,1,0,0,1,0,1104.075,1,1,0,1,0,4,2
709,1.0,1,22.0,0,0,133.65,0,2,1,1,3,4,1,0,0,1,1,0,0,0,1,2940.3,2,1,1,1,0,3,3
710,1.0,3,25.0,1,1,15.2458,0,4,3,0,3,3,0,1,0,0,0,0,1,1,0,381.145,12,9,0,0,1,3,2
711,1.0,1,24.0,0,0,49.5042,1,5,1,1,3,4,1,1,0,0,1,0,0,0,1,1188.1008,5,1,1,0,0,3,3
712,0.0,1,42.0,0,0,26.55,1,1,1,1,3,3,0,0,0,1,1,0,0,1,0,1115.1000000000001,1,1,0,1,0,4,2
713,1.0,1,48.0,1,0,52.0,1,1,2,0,3,4,0,0,0,1,1,0,0,1,0,2496.0,1,2,1,1,1,4,3
714,0.0,3,29.0,0,0,9.4833,0,1,1,1,3,2,0,0,0,1,0,0,1,1,0,275.0157,3,3,0,0,0,3,1
715,0.0,2,52.0,0,0,13.0,0,1,1,1,3,2,0,0,0,1,0,1,0,1,0,676.0,2,2,0,1,0,4,1
716,0.0,3,19.0,0,0,7.65,1,1,1,1,3,1,0,0,0,1,0,0,1,1,0,145.35,3,3,0,0,0,3,0
717,1.0,1,38.0,0,0,133.65,1,2,1,1,3,4,1,1,0,0,1,0,0,0,1,5078.7,2,1,1,1,0,4,3
718,1.0,2,27.0,0,0,10.5,1,2,1,1,3,2,1,0,0,1,0,1,0,0,2,283.5,4,2,0,1,0,3,1
719,0.0,3,25.0,0,0,15.5,0,1,1,1,3,3,0,0,1,0,0,0,1,1,0,387.5,3,3,0,0,0,3,2
720,0.0,3,33.0,0,0,7.775,0,1,1,1,3,1,0,0,0,1,0,0,1,1,0,256.575,3,3,0,0,0,3,0
721,1.0,2,6.0,0,1,33.0,0,2,2,0,1,4,1,0,0,1,0,1,0,1,2,198.0,4,4,1,1,1,1,3
722,0.0,3,17.0,1,0,7.0542,0,1,2,0,2,1,0,0,0,1,0,0,1,1,0,119.92139999999999,3,6,0,0,1,2,0
723,0.0,2,34.0,0,0,13.0,0,1,1,1,3,2,0,0,0,1,0,1,0,1,0,442.0,2,2,0,1,0,3,1
724,0.0,2,50.0,0,0,13.0,0,1,1,1,3,2,0,0,0,1,0,1,0,1,0,650.0,2,2,0,1,0,4,1
725,1.0,1,27.0,1,0,53.1,1,1,2,0,3,4,0,0,0,1,1,0,0,1,0,1433.7,1,2,1,1,1,3,3
726,0.0,3,20.0,0,0,8.6625,0,1,1,1,3,2,0,0,0,1,0,0,1,1,0,173.25,3,3,0,0,0,3,1
727,1.0,2,30.0,3,0,21.0,0,3,4,0,3,3,1,0,0,1,0,1,0,0,2,630.0,6,8,0,0,1,3,2
728,1.0,3,22.0,0,0,7.7375,0,2,1,1,3,1,1,0,1,0,0,0,1,0,3,170.225,6,3,0,0,0,3,0
729,0.0,2,25.0,1,0,26.0,0,1,2,0,3,3,0,0,0,1,0,1,0,1,0,650.0,2,4,0,1,1,3,2
730,0.0,3,25.0,1,0,7.925,0,2,2,0,3,2,1,0,0,1,0,0,1,0,3,198.125,6,6,0,0,1,3,1
731,1.0,1,29.0,0,0,133.65,1,2,1,1,3,4,1,0,0,1,1,0,0,0,1,3875.8500000000004,2,1,1,1,0,3,3
732,0.0,3,11.0,0,0,18.7875,0,1,1,1,1,3,0,1,0,0,0,0,1,1,0,206.66250000000002,3,3,0,0,0,1,2
733,0.0,2,29.5,0,0,0.0,0,1,1,1,3,1,0,0,0,1,0,1,0,1,0,0.0,2,2,0,1,0,3,0
734,0.0,2,23.0,0,0,13.0,0,1,1,1,3,2,0,0,0,1,0,1,0,1,0,299.0,2,2,0,1,0,3,1
735,0.0,2,23.0,0,0,13.0,0,1,1,1,3,2,0,0,0,1,0,1,0,1,0,299.0,2,2,0,1,0,3,1
736,0.0,3,28.5,0,0,16.1,0,1,1,1,3,3,0,0,0,1,0,0,1,1,0,458.85,3,3,0,0,0,3,2
737,0.0,3,48.0,1,3,34.375,0,3,5,0,3,4,1,0,0,1,0,0,1,0,3,1650.0,9,15,1,0,2,4,3
738,1.0,1,35.0,0,0,133.65,1,1,1,1,3,4,0,1,0,0,1,0,0,1,0,4677.75,1,1,1,1,0,3,3
739,0.0,3,25.0,0,0,7.8958,0,1,1,1,3,1,0,0,0,1,0,0,1,1,0,197.395,3,3,0,0,0,3,0
740,0.0,3,25.0,0,0,7.8958,0,1,1,1,3,1,0,0,0,1,0,0,1,1,0,197.395,3,3,0,0,0,3,0
741,1.0,1,42.0,0,0,30.0,1,1,1,1,3,3,0,0,0,1,1,0,0,1,0,1260.0,1,1,0,1,0,4,2
742,0.0,1,36.0,1,0,78.85,1,1,2,0,3,4,0,0,0,1,1,0,0,1,0,2838.6,1,2,1,1,1,4,3
743,1.0,1,21.0,2,2,133.65,1,2,5,0,3,4,1,1,0,0,1,0,0,0,1,2806.65,2,5,1,1,2,3,3
744,0.0,3,24.0,1,0,16.1,0,1,2,0,3,3,0,0,0,1,0,0,1,1,0,386.40000000000003,3,6,0,0,1,3,2
745,1.0,3,31.0,0,0,7.925,0,1,1,1,3,2,0,0,0,1,0,0,1,1,0,245.67499999999998,3,3,0,0,0,3,1
746,0.0,1,70.0,1,1,71.0,1,5,3,0,4,4,0,0,0,1,1,0,0,1,0,4970.0,5,3,1,0,1,5,3
747,0.0,3,16.0,1,1,20.25,0,1,3,0,2,3,0,0,0,1,0,0,1,1,0,324.0,3,9,0,0,1,2,2
748,1.0,2,30.0,0,0,13.0,0,2,1,1,3,2,1,0,0,1,0,1,0,0,2,390.0,4,2,0,1,0,3,1
749,0.0,1,19.0,1,0,53.1,1,1,2,0,3,4,0,0,0,1,1,0,0,1,0,1008.9,1,2,1,1,1,3,3
750,0.0,3,31.0,0,0,7.75,0,1,1,1,3,1,0,0,1,0,0,0,1,1,0,240.25,3,3,0,0,0,3,0
751,1.0,2,4.0,1,1,23.0,0,2,3,0,1,3,1,0,0,1,0,1,0,1,2,92.0,4,6,0,1,1,0,2
752,1.0,3,6.0,0,1,12.475,1,4,2,0,1,2,0,0,0,1,0,0,1,1,0,74.85,12,6,0,0,1,1,1
753,0.0,3,33.0,0,0,9.5,0,1,1,1,3,2,0,0,0,1,0,0,1,1,0,313.5,3,3,0,0,0,3,1
754,0.0,3,23.0,0,0,7.8958,0,1,1,1,3,1,0,0,0,1,0,0,1,1,0,181.60340000000002,3,3,0,0,0,3,0
755,1.0,2,48.0,1,2,65.0,0,3,4,0,3,4,1,0,0,1,0,1,0,0,2,3120.0,6,8,1,0,1,4,3
756,1.0,2,0.67,1,1,14.5,0,4,3,0,1,3,0,0,0,1,0,1,0,1,0,9.715,8,6,0,0,1,0,2
757,0.0,3,28.0,0,0,7.7958,0,1,1,1,3,1,0,0,0,1,0,0,1,1,0,218.2824,3,3,0,0,0,3,0
758,0.0,2,18.0,0,0,11.5,0,1,1,1,2,2,0,0,0,1,0,1,0,1,0,207.0,2,2,0,1,0,2,1
759,0.0,3,34.0,0,0,8.05,0,1,1,1,3,2,0,0,0,1,0,0,1,1,0,273.70000000000005,3,3,0,0,0,3,1
760,1.0,1,33.0,0,0,86.5,1,5,1,1,3,4,1,0,0,1,1,0,0,0,1,2854.5,5,1,1,0,0,3,3
761,0.0,3,25.0,0,0,14.5,0,1,1,1,3,3,0,0,0,1,0,0,1,1,0,362.5,3,3,0,0,0,3,2
762,0.0,3,41.0,0,0,7.125,0,1,1,1,3,1,0,0,0,1,0,0,1,1,0,292.125,3,3,0,0,0,4,0
763,1.0,3,20.0,0,0,7.2292,0,1,1,1,3,1,0,1,0,0,0,0,1,1,0,144.584,3,3,0,0,0,3,0
764,1.0,1,36.0,1,2,120.0,1,3,4,0,3,4,1,0,0,1,1,0,0,0,1,4320.0,3,4,1,1,1,4,3
765,0.0,3,16.0,0,0,7.775,0,1,1,1,2,1,0,0,0,1,0,0,1,1,0,124.4,3,3,0,0,0,2,0
766,1.0,1,51.0,1,0,77.9583,1,3,2,0,3,4,1,0,0,1,1,0,0,0,1,3975.8732999999997,3,2,1,1,1,4,3
767,0.0,1,42.0,0,0,39.6,0,5,1,1,3,4,0,1,0,0,1,0,0,1,0,1663.2,5,1,1,0,0,4,3
768,0.0,3,30.5,0,0,7.75,0,2,1,1,3,1,1,0,1,0,0,0,1,0,3,236.375,6,3,0,0,0,3,0
769,0.0,3,25.0,1,0,24.15,0,1,2,0,3,3,0,0,1,0,0,0,1,1,0,603.75,3,6,0,0,1,3,2
770,0.0,3,32.0,0,0,8.3625,0,1,1,1,3,2,0,0,0,1,0,0,1,1,0,267.6,3,3,0,0,0,3,1
771,0.0,3,24.0,0,0,9.5,0,1,1,1,3,2,0,0,0,1,0,0,1,1,0,228.0,3,3,0,0,0,3,1
772,0.0,3,48.0,0,0,7.8542,0,1,1,1,3,1,0,0,0,1,0,0,1,1,0,377.0016,3,3,0,0,0,4,0
773,0.0,2,57.0,0,0,10.5,1,3,1,1,3,2,1,0,0,1,0,1,0,0,2,598.5,6,2,0,0,0,4,1
774,0.0,3,25.0,0,0,7.225,0,1,1,1,3,1,0,1,0,0,0,0,1,1,0,180.625,3,3,0,0,0,3,0
775,1.0,2,54.0,1,3,23.0,0,3,5,0,3,3,1,0,0,1,0,1,0,0,2,1242.0,6,10,0,0,2,4,2
776,0.0,3,18.0,0,0,7.75,0,1,1,1,2,1,0,0,0,1,0,0,1,1,0,139.5,3,3,0,0,0,2,0
777,0.0,3,25.0,0,0,7.75,1,1,1,1,3,1,0,0,1,0,0,0,1,1,0,193.75,3,3,0,0,0,3,0
778,1.0,3,5.0,0,0,12.475,0,2,1,1,1,2,1,0,0,1,0,0,1,1,3,62.375,6,3,0,0,0,0,1
779,0.0,3,25.0,0,0,7.7375,0,1,1,1,3,1,0,0,1,0,0,0,1,1,0,193.4375,3,3,0,0,0,3,0
780,1.0,1,43.0,0,1,133.65,1,3,2,0,3,4,1,0,0,1,1,0,0,0,1,5746.95,3,2,1,1,1,4,3
781,1.0,3,13.0,0,0,7.2292,0,2,1,1,2,1,1,1,0,0,0,0,1,1,3,93.97959999999999,6,3,0,0,0,2,0
782,1.0,1,17.0,1,0,57.0,1,3,2,0,2,4,1,0,0,1,1,0,0,1,1,969.0,3,2,1,1,1,2,3
783,0.0,1,29.0,0,0,30.0,1,1,1,1,3,3,0,0,0,1,1,0,0,1,0,870.0,1,1,0,1,0,3,2
784,0.0,3,25.0,1,2,23.45,0,1,4,0,3,3,0,0,0,1,0,0,1,1,0,586.25,3,12,0,0,1,3,2
785,0.0,3,25.0,0,0,7.05,0,1,1,1,3,1,0,0,0,1,0,0,1,1,0,176.25,3,3,0,0,0,3,0
786,0.0,3,25.0,0,0,7.25,0,1,1,1,3,1,0,0,0,1,0,0,1,1,0,181.25,3,3,0,0,0,3,0
787,1.0,3,18.0,0,0,7.4958,0,2,1,1,2,1,1,0,0,1,0,0,1,0,3,134.9244,6,3,0,0,0,2,0
788,0.0,3,8.0,4,1,29.125,0,4,6,0,1,3,0,0,1,0,0,0,1,1,0,233.0,12,18,0,0,2,1,2
789,1.0,3,1.0,1,2,20.575,0,4,4,0,1,3,0,0,0,1,0,0,1,1,0,20.575,12,12,0,0,1,0,2
790,0.0,1,46.0,0,0,79.2,1,1,1,1,3,4,0,1,0,0,1,0,0,1,0,3643.2000000000003,1,1,1,1,0,4,3
791,0.0,3,25.0,0,0,7.75,0,1,1,1,3,1,0,0,1,0,0,0,1,1,0,193.75,3,3,0,0,0,3,0
792,0.0,2,16.0,0,0,26.0,0,1,1,1,2,3,0,0,0,1,0,1,0,1,0,416.0,2,2,0,1,0,2,2
793,0.0,3,22.0,8,2,69.55,0,2,11,0,3,4,1,0,0,1,0,0,1,0,3,1530.1,6,33,1,0,2,3,3
794,0.0,1,42.0,0,0,30.6958,0,1,1,1,3,3,0,1,0,0,1,0,0,1,0,1289.2236,1,1,0,1,0,4,2
795,0.0,3,25.0,0,0,7.8958,0,1,1,1,3,1,0,0,0,1,0,0,1,1,0,197.395,3,3,0,0,0,3,0
796,0.0,2,39.0,0,0,13.0,0,1,1,1,3,2,0,0,0,1,0,1,0,1,0,507.0,2,2,0,1,0,4,1
797,1.0,1,49.0,0,0,25.9292,1,5,1,1,3,3,1,0,0,1,1,0,0,0,1,1270.5308,5,1,0,0,0,4,2
798,1.0,3,31.0,0,0,8.6833,0,3,1,1,3,2,1,0,0,1,0,0,1,0,3,269.1823,9,3,0,0,0,3,1
799,0.0,3,30.0,0,0,7.2292,0,1,1,1,3,1,0,1,0,0,0,0,1,1,0,216.87599999999998,3,3,0,0,0,3,0
800,0.0,3,30.0,1,1,24.15,0,3,3,0,3,3,1,0,0,1,0,0,1,0,3,724.5,9,9,0,0,1,3,2
801,0.0,2,34.0,0,0,13.0,0,1,1,1,3,2,0,0,0,1,0,1,0,1,0,442.0,2,2,0,1,0,3,1
802,1.0,2,31.0,1,1,26.25,0,3,3,0,3,3,1,0,0,1,0,1,0,0,2,813.75,6,6,0,0,1,3,2
803,1.0,1,11.0,1,2,120.0,1,4,4,0,1,4,0,0,0,1,1,0,0,1,0,1320.0,4,4,1,0,1,1,3
804,1.0,3,0.42,0,1,8.5167,0,4,2,0,1,2,0,1,0,0,0,0,1,1,0,3.577014,12,6,0,0,1,0,1
805,1.0,3,27.0,0,0,6.975,0,1,1,1,3,1,0,0,0,1,0,0,1,1,0,188.325,3,3,0,0,0,3,0
806,0.0,3,31.0,0,0,7.775,0,1,1,1,3,1,0,0,0,1,0,0,1,1,0,241.025,3,3,0,0,0,3,0
807,0.0,1,39.0,0,0,0.0,1,1,1,1,3,1,0,0,0,1,1,0,0,1,0,0.0,1,1,0,1,0,4,0
808,0.0,3,18.0,0,0,7.775,0,2,1,1,2,1,1,0,0,1,0,0,1,0,3,139.95000000000002,6,3,0,0,0,2,0
809,0.0,2,39.0,0,0,13.0,0,1,1,1,3,2,0,0,0,1,0,1,0,1,0,507.0,2,2,0,1,0,4,1
810,1.0,1,33.0,1,0,53.1,1,3,2,0,3,4,1,0,0,1,1,0,0,0,1,1752.3,3,2,1,1,1,3,3
811,0.0,3,26.0,0,0,7.8875,0,1,1,1,3,1,0,0,0,1,0,0,1,1,0,205.07500000000002,3,3,0,0,0,3,0
812,0.0,3,39.0,0,0,24.15,0,1,1,1,3,3,0,0,0,1,0,0,1,1,0,941.8499999999999,3,3,0,0,0,4,2
813,0.0,2,35.0,0,0,10.5,0,1,1,1,3,2,0,0,0,1,0,1,0,1,0,367.5,2,2,0,1,0,3,1
814,0.0,3,6.0,4,2,31.275,0,2,7,0,1,3,1,0,0,1,0,0,1,1,3,187.64999999999998,6,21,1,0,2,1,3
815,0.0,3,30.5,0,0,8.05,0,1,1,1,3,2,0,0,0,1,0,0,1,1,0,245.52500000000003,3,3,0,0,0,3,1
816,0.0,1,42.0,0,0,0.0,1,1,1,1,3,1,0,0,0,1,1,0,0,1,0,0.0,1,1,0,1,0,4,0
817,0.0,3,23.0,0,0,7.925,0,2,1,1,3,2,1,0,0,1,0,0,1,0,3,182.275,6,3,0,0,0,3,1
818,0.0,2,31.0,1,1,37.0042,0,1,3,0,3,4,0,1,0,0,0,1,0,1,0,1147.1301999999998,2,6,1,1,1,3,3
819,0.0,3,43.0,0,0,6.45,0,1,1,1,3,1,0,0,0,1,0,0,1,1,0,277.35,3,3,0,0,0,4,0
820,0.0,3,10.0,3,2,27.9,0,4,6,0,1,3,0,0,0,1,0,0,1,1,0,279.0,12,18,0,0,2,1,2
821,1.0,1,52.0,1,1,93.5,1,3,3,0,3,4,1,0,0,1,1,0,0,0,1,4862.0,3,3,1,1,1,4,3
822,1.0,3,27.0,0,0,8.6625,0,1,1,1,3,2,0,0,0,1,0,0,1,1,0,233.8875,3,3,0,0,0,3,1
823,0.0,1,38.0,0,0,0.0,0,5,1,1,3,1,0,0,0,1,1,0,0,1,0,0.0,5,1,0,0,0,4,0
824,1.0,3,27.0,0,1,12.475,1,3,2,0,3,2,1,0,0,1,0,0,1,0,3,336.825,9,6,0,0,1,3,1
825,0.0,3,2.0,4,1,39.6875,0,4,6,0,1,4,0,0,0,1,0,0,1,1,0,79.375,12,18,1,0,2,0,3
826,0.0,3,25.0,0,0,6.95,0,1,1,1,3,1,0,0,1,0,0,0,1,1,0,173.75,3,3,0,0,0,3,0
827,0.0,3,25.0,0,0,56.4958,0,1,1,1,3,4,0,0,0,1,0,0,1,1,0,1412.395,3,3,1,0,0,3,3
828,1.0,2,1.0,0,2,37.0042,0,4,3,0,1,4,0,1,0,0,0,1,0,1,0,37.0042,8,6,1,0,1,0,3
829,1.0,3,25.0,0,0,7.75,0,1,1,1,3,1,0,0,1,0,0,0,1,1,0,193.75,3,3,0,0,0,3,0
830,1.0,1,62.0,0,0,80.0,1,3,1,1,4,4,1,0,0,1,1,0,0,0,1,4960.0,3,1,1,1,0,5,3
831,1.0,3,15.0,1,0,14.4542,0,3,2,0,2,2,1,1,0,0,0,0,1,1,3,216.813,9,6,0,0,1,2,1
832,1.0,2,0.83,1,1,18.75,0,4,3,0,1,3,0,0,0,1,0,1,0,1,0,15.5625,8,6,0,0,1,0,2
833,0.0,3,25.0,0,0,7.2292,0,1,1,1,3,1,0,1,0,0,0,0,1,1,0,180.73,3,3,0,0,0,3,0
834,0.0,3,23.0,0,0,7.8542,0,1,1,1,3,1,0,0,0,1,0,0,1,1,0,180.64659999999998,3,3,0,0,0,3,0
835,0.0,3,18.0,0,0,8.3,0,1,1,1,2,2,0,0,0,1,0,0,1,1,0,149.4,3,3,0,0,0,2,1
836,1.0,1,39.0,1,1,83.1583,1,2,3,0,3,4,1,1,0,0,1,0,0,0,1,3243.1737,2,3,1,1,1,4,3
837,0.0,3,21.0,0,0,8.6625,0,1,1,1,3,2,0,0,0,1,0,0,1,1,0,181.9125,3,3,0,0,0,3,1
838,0.0,3,25.0,0,0,8.05,0,1,1,1,3,2,0,0,0,1,0,0,1,1,0,201.25000000000003,3,3,0,0,0,3,1
839,1.0,3,32.0,0,0,56.4958,0,1,1,1,3,4,0,0,0,1,0,0,1,1,0,1807.8656,3,3,1,0,0,3,3
840,1.0,1,42.0,0,0,29.7,1,1,1,1,3,3,0,1,0,0,1,0,0,1,0,1247.3999999999999,1,1,0,1,0,4,2
841,0.0,3,20.0,0,0,7.925,0,1,1,1,3,2,0,0,0,1,0,0,1,1,0,158.5,3,3,0,0,0,3,1
842,0.0,2,16.0,0,0,10.5,0,1,1,1,2,2,0,0,0,1,0,1,0,1,0,168.0,2,2,0,1,0,2,1
843,1.0,1,30.0,0,0,31.0,0,2,1,1,3,3,1,1,0,0,1,0,0,0,1,930.0,2,1,0,1,0,3,2
844,0.0,3,34.5,0,0,6.4375,0,1,1,1,3,1,0,1,0,0,0,0,1,1,0,222.09375,3,3,0,0,0,3,0
845,0.0,3,17.0,0,0,8.6625,0,1,1,1,2,2,0,0,0,1,0,0,1,1,0,147.2625,3,3,0,0,0,2,1
846,0.0,3,42.0,0,0,7.55,0,1,1,1,3,1,0,0,0,1,0,0,1,1,0,317.09999999999997,3,3,0,0,0,4,0
847,0.0,3,25.0,8,2,69.55,0,1,11,0,3,4,0,0,0,1,0,0,1,1,0,1738.75,3,33,1,0,2,3,3
848,0.0,3,35.0,0,0,7.8958,0,1,1,1,3,1,0,1,0,0,0,0,1,1,0,276.353,3,3,0,0,0,3,0
849,0.0,2,28.0,0,1,33.0,0,5,2,0,3,4,0,0,0,1,0,1,0,1,0,924.0,10,4,1,0,1,3,3
850,1.0,1,36.0,1,0,89.1042,1,3,2,0,3,4,1,1,0,0,1,0,0,0,1,3207.7512,3,2,1,1,1,4,3
851,0.0,3,4.0,4,2,31.275,0,4,7,0,1,3,0,0,0,1,0,0,1,1,0,125.1,12,21,1,0,2,0,3
852,0.0,3,74.0,0,0,7.775,0,1,1,1,4,1,0,0,0,1,0,0,1,1,0,575.35,3,3,0,0,0,5,0
853,0.0,3,9.0,1,1,15.2458,0,2,3,0,1,3,1,1,0,0,0,0,1,1,3,137.2122,6,9,0,0,1,1,2
854,1.0,1,16.0,0,1,39.4,1,2,2,0,2,4,1,0,0,1,1,0,0,1,1,630.4,2,2,1,1,1,2,3
855,0.0,2,44.0,1,0,26.0,0,3,2,0,3,3,1,0,0,1,0,1,0,0,2,1144.0,6,4,0,0,1,4,2
856,1.0,3,18.0,0,1,9.35,0,3,2,0,2,2,1,0,0,1,0,0,1,0,3,168.29999999999998,9,6,0,0,1,2,1
857,1.0,1,45.0,1,1,133.65,0,3,3,0,3,4,1,0,0,1,1,0,0,0,1,6014.25,3,3,1,1,1,4,3
858,1.0,1,51.0,0,0,26.55,1,1,1,1,3,3,0,0,0,1,1,0,0,1,0,1354.05,1,1,0,1,0,4,2
859,1.0,3,24.0,0,3,19.2583,0,3,4,0,3,3,1,1,0,0,0,0,1,0,3,462.19919999999996,9,12,0,0,1,3,2
860,0.0,3,25.0,0,0,7.2292,0,1,1,1,3,1,0,1,0,0,0,0,1,1,0,180.73,3,3,0,0,0,3,0
861,0.0,3,41.0,2,0,14.1083,0,1,3,0,3,2,0,0,0,1,0,0,1,1,0,578.4403,3,9,0,0,1,4,1
862,0.0,2,21.0,1,0,11.5,0,1,2,0,3,2,0,0,0,1,0,1,0,1,0,241.5,2,4,0,1,1,3,1
863,1.0,1,48.0,0,0,25.9292,1,3,1,1,3,3,1,0,0,1,1,0,0,0,1,1244.6016,3,1,0,1,0,4,2
864,0.0,3,22.0,8,2,69.55,0,2,11,0,3,4,1,0,0,1,0,0,1,0,3,1530.1,6,33,1,0,2,3,3
865,0.0,2,24.0,0,0,13.0,0,1,1,1,3,2,0,0,0,1,0,1,0,1,0,312.0,2,2,0,1,0,3,1
866,1.0,2,42.0,0,0,13.0,0,3,1,1,3,2,1,0,0,1,0,1,0,0,2,546.0,6,2,0,0,0,4,1
867,1.0,2,27.0,1,0,13.8583,0,2,2,0,3,2,1,1,0,0,0,1,0,0,2,374.1741,4,4,0,1,1,3,1
868,0.0,1,31.0,0,0,50.4958,1,1,1,1,3,4,0,0,0,1,1,0,0,1,0,1565.3698000000002,1,1,1,1,0,3,3
869,0.0,3,25.0,0,0,9.5,0,1,1,1,3,2,0,0,0,1,0,0,1,1,0,237.5,3,3,0,0,0,3,1
870,1.0,3,4.0,1,1,11.1333,0,4,3,0,1,2,0,0,0,1,0,0,1,1,0,44.5332,12,9,0,0,1,0,1
871,0.0,3,26.0,0,0,7.8958,0,1,1,1,3,1,0,0,0,1,0,0,1,1,0,205.29080000000002,3,3,0,0,0,3,0
872,1.0,1,47.0,1,1,52.5542,1,3,3,0,3,4,1,0,0,1,1,0,0,0,1,2470.0474,3,3,1,1,1,4,3
873,0.0,1,33.0,0,0,5.0,1,1,1,1,3,1,0,0,0,1,1,0,0,1,0,165.0,1,1,0,1,0,3,0
874,0.0,3,47.0,0,0,9.0,0,1,1,1,3,2,0,0,0,1,0,0,1,1,0,423.0,3,3,0,0,0,4,1
875,1.0,2,28.0,1,0,24.0,0,3,2,0,3,3,1,1,0,0,0,1,0,0,2,672.0,6,4,0,0,1,3,2
876,1.0,3,15.0,0,0,7.225,0,2,1,1,2,1,1,1,0,0,0,0,1,1,3,108.375,6,3,0,0,0,2,0
877,0.0,3,20.0,0,0,9.8458,0,1,1,1,3,2,0,0,0,1,0,0,1,1,0,196.916,3,3,0,0,0,3,1
878,0.0,3,19.0,0,0,7.8958,0,1,1,1,3,1,0,0,0,1,0,0,1,1,0,150.02020000000002,3,3,0,0,0,3,0
879,0.0,3,25.0,0,0,7.8958,0,1,1,1,3,1,0,0,0,1,0,0,1,1,0,197.395,3,3,0,0,0,3,0
880,1.0,1,56.0,0,1,83.1583,1,3,2,0,3,4,1,1,0,0,1,0,0,0,1,4656.864799999999,3,2,1,1,1,4,3
881,1.0,2,25.0,0,1,26.0,0,3,2,0,3,3,1,0,0,1,0,1,0,0,2,650.0,6,4,0,0,1,3,2
882,0.0,3,33.0,0,0,7.8958,0,1,1,1,3,1,0,0,0,1,0,0,1,1,0,260.5614,3,3,0,0,0,3,0
883,0.0,3,22.0,0,0,10.5167,0,2,1,1,3,2,1,0,0,1,0,0,1,0,3,231.3674,6,3,0,0,0,3,1
884,0.0,2,28.0,0,0,10.5,0,1,1,1,3,2,0,0,0,1,0,1,0,1,0,294.0,2,2,0,1,0,3,1
885,0.0,3,25.0,0,0,7.05,0,1,1,1,3,1,0,0,0,1,0,0,1,1,0,176.25,3,3,0,0,0,3,0
886,0.0,3,39.0,0,5,29.125,0,3,6,0,3,3,1,0,1,0,0,0,1,0,3,1135.875,9,18,0,0,2,4,2
887,0.0,2,27.0,0,0,13.0,0,5,1,1,3,2,0,0,0,1,0,1,0,1,0,351.0,10,2,0,0,0,3,1
888,1.0,1,19.0,0,0,30.0,1,2,1,1,3,3,1,0,0,1,1,0,0,0,1,570.0,2,1,0,1,0,3,2
889,0.0,3,22.0,1,2,23.45,0,2,4,0,3,3,1,0,0,1,0,0,1,0,3,515.9,6,12,0,0,1,3,2
890,1.0,1,26.0,0,0,30.0,1,1,1,1,3,3,0,1,0,0,1,0,0,1,0,780.0,1,1,0,1,0,3,2
891,0.0,3,32.0,0,0,7.75,0,1,1,1,3,1,0,0,1,0,0,0,1,1,0,248.0,3,3,0,0,0,3,0
