PassengerId,Survived,Pclass,Age,SibSp,Parch,Fare,Has_Cabin,Title_Encoded,FamilySize,IsAlone,Age_Group_Encoded,Fare_Group_Encoded,Sex_Encoded,Embarked_C,Embarked_Q,Embarked_S,Pclass_1,Pclass_2,Pclass_3
1,0.0,3,22.0,1,0,7.25,0,1,2,0,3,1,0,0,0,1,0,0,1
2,1.0,1,38.0,1,0,71.2833,1,3,2,0,3,4,1,1,0,0,1,0,0
3,1.0,3,26.0,0,0,7.925,0,2,1,1,3,2,1,0,0,1,0,0,1
4,1.0,1,35.0,1,0,53.1,1,3,2,0,3,4,1,0,0,1,1,0,0
5,0.0,3,35.0,0,0,8.05,0,1,1,1,3,2,0,0,0,1,0,0,1
6,0.0,3,25.0,0,0,8.4583,0,1,1,1,3,2,0,0,1,0,0,0,1
7,0.0,1,54.0,0,0,51.8625,1,1,1,1,3,4,0,0,0,1,1,0,0
8,0.0,3,2.0,3,1,21.075,0,4,5,0,1,3,0,0,0,1,0,0,1
9,1.0,3,27.0,0,2,11.1333,0,3,3,0,3,2,1,0,0,1,0,0,1
10,1.0,2,14.0,1,0,30.0708,0,3,2,0,2,3,1,1,0,0,0,1,0
11,1.0,3,4.0,1,1,16.7,1,2,3,0,1,3,1,0,0,1,0,0,1
12,1.0,1,58.0,0,0,26.55,1,2,1,1,3,3,1,0,0,1,1,0,0
13,0.0,3,20.0,0,0,8.05,0,1,1,1,3,2,0,0,0,1,0,0,1
14,0.0,3,39.0,1,5,31.275,0,1,7,0,3,3,0,0,0,1,0,0,1
15,0.0,3,14.0,0,0,7.8542,0,2,1,1,2,1,1,0,0,1,0,0,1
16,1.0,2,55.0,0,0,16.0,0,3,1,1,3,3,1,0,0,1,0,1,0
17,0.0,3,2.0,4,1,29.125,0,4,6,0,1,3,0,0,1,0,0,0,1
18,1.0,2,29.5,0,0,13.0,0,1,1,1,3,2,0,0,0,1,0,1,0
19,0.0,3,31.0,1,0,18.0,0,3,2,0,3,3,1,0,0,1,0,0,1
20,1.0,3,22.0,0,0,7.225,0,3,1,1,3,1,1,1,0,0,0,0,1
21,0.0,2,35.0,0,0,26.0,0,1,1,1,3,3,0,0,0,1,0,1,0
22,1.0,2,34.0,0,0,13.0,1,1,1,1,3,2,0,0,0,1,0,1,0
23,1.0,3,15.0,0,0,8.0292,0,2,1,1,2,2,1,0,1,0,0,0,1
24,1.0,1,28.0,0,0,35.5,1,1,1,1,3,4,0,0,0,1,1,0,0
25,0.0,3,8.0,3,1,21.075,0,2,5,0,1,3,1,0,0,1,0,0,1
26,1.0,3,38.0,1,5,31.3875,0,3,7,0,3,4,1,0,0,1,0,0,1
27,0.0,3,25.0,0,0,7.225,0,1,1,1,3,1,0,1,0,0,0,0,1
28,0.0,1,19.0,3,2,133.65,1,1,6,0,3,4,0,0,0,1,1,0,0
29,1.0,3,22.0,0,0,7.8792,0,2,1,1,3,1,1,0,1,0,0,0,1
30,0.0,3,25.0,0,0,7.8958,0,1,1,1,3,1,0,0,0,1,0,0,1
31,0.0,1,40.0,0,0,27.7208,0,5,1,1,3,3,0,1,0,0,1,0,0
32,1.0,1,36.0,1,0,133.65,1,3,2,0,3,4,1,1,0,0,1,0,0
33,1.0,3,22.0,0,0,7.75,0,2,1,1,3,1,1,0,1,0,0,0,1
34,0.0,2,66.0,0,0,10.5,0,1,1,1,4,2,0,0,0,1,0,1,0
35,0.0,1,28.0,1,0,82.1708,0,1,2,0,3,4,0,1,0,0,1,0,0
36,0.0,1,42.0,1,0,52.0,0,1,2,0,3,4,0,0,0,1,1,0,0
37,1.0,3,25.0,0,0,7.2292,0,1,1,1,3,1,0,1,0,0,0,0,1
38,0.0,3,21.0,0,0,8.05,0,1,1,1,3,2,0,0,0,1,0,0,1
39,0.0,3,18.0,2,0,18.0,0,2,3,0,2,3,1,0,0,1,0,0,1
40,1.0,3,14.0,1,0,11.2417,0,2,2,0,2,2,1,1,0,0,0,0,1
41,0.0,3,40.0,1,0,9.475,0,3,2,0,3,2,1,0,0,1,0,0,1
42,0.0,2,27.0,1,0,21.0,0,3,2,0,3,3,1,0,0,1,0,1,0
43,0.0,3,25.0,0,0,7.8958,0,1,1,1,3,1,0,1,0,0,0,0,1
44,1.0,2,3.0,1,2,41.5792,0,2,4,0,1,4,1,1,0,0,0,1,0
45,1.0,3,19.0,0,0,7.8792,0,2,1,1,3,1,1,0,1,0,0,0,1
46,0.0,3,25.0,0,0,8.05,0,1,1,1,3,2,0,0,0,1,0,0,1
47,0.0,3,25.0,1,0,15.5,0,1,2,0,3,3,0,0,1,0,0,0,1
48,1.0,3,22.0,0,0,7.75,0,2,1,1,3,1,1,0,1,0,0,0,1
49,0.0,3,25.0,2,0,21.6792,0,1,3,0,3,3,0,1,0,0,0,0,1
50,0.0,3,18.0,1,0,17.8,0,3,2,0,2,3,1,0,0,1,0,0,1
51,0.0,3,7.0,4,1,39.6875,0,4,6,0,1,4,0,0,0,1,0,0,1
52,0.0,3,21.0,0,0,7.8,0,1,1,1,3,1,0,0,0,1,0,0,1
53,1.0,1,49.0,1,0,76.7292,1,3,2,0,3,4,1,1,0,0,1,0,0
54,1.0,2,29.0,1,0,26.0,0,3,2,0,3,3,1,0,0,1,0,1,0
55,0.0,1,65.0,0,1,61.9792,1,1,2,0,4,4,0,1,0,0,1,0,0
56,1.0,1,42.0,0,0,35.5,1,1,1,1,3,4,0,0,0,1,1,0,0
57,1.0,2,21.0,0,0,10.5,0,2,1,1,3,2,1,0,0,1,0,1,0
58,0.0,3,28.5,0,0,7.2292,0,1,1,1,3,1,0,1,0,0,0,0,1
59,1.0,2,5.0,1,2,27.75,0,2,4,0,1,3,1,0,0,1,0,1,0
60,0.0,3,11.0,5,2,46.9,0,4,8,0,1,4,0,0,0,1,0,0,1
61,0.0,3,22.0,0,0,7.2292,0,1,1,1,3,1,0,1,0,0,0,0,1
62,1.0,1,38.0,0,0,80.0,1,2,1,1,3,4,1,0,0,1,1,0,0
63,0.0,1,45.0,1,0,83.475,1,1,2,0,3,4,0,0,0,1,1,0,0
64,0.0,3,4.0,3,2,27.9,0,4,6,0,1,3,0,0,0,1,0,0,1
65,0.0,1,42.0,0,0,27.7208,0,1,1,1,3,3,0,1,0,0,1,0,0
66,1.0,3,25.0,1,1,15.2458,0,4,3,0,3,3,0,1,0,0,0,0,1
67,1.0,2,29.0,0,0,10.5,1,3,1,1,3,2,1,0,0,1,0,1,0
68,0.0,3,19.0,0,0,8.1583,0,1,1,1,3,2,0,0,0,1,0,0,1
69,1.0,3,17.0,4,2,7.925,0,2,7,0,2,2,1,0,0,1,0,0,1
70,0.0,3,26.0,2,0,8.6625,0,1,3,0,3,2,0,0,0,1,0,0,1
71,0.0,2,32.0,0,0,10.5,0,1,1,1,3,2,0,0,0,1,0,1,0
72,0.0,3,16.0,5,2,46.9,0,2,8,0,2,4,1,0,0,1,0,0,1
73,0.0,2,21.0,0,0,73.5,0,1,1,1,3,4,0,0,0,1,0,1,0
74,0.0,3,26.0,1,0,14.4542,0,1,2,0,3,2,0,1,0,0,0,0,1
75,1.0,3,32.0,0,0,56.4958,0,1,1,1,3,4,0,0,0,1,0,0,1
76,0.0,3,25.0,0,0,7.65,1,1,1,1,3,1,0,0,0,1,0,0,1
77,0.0,3,25.0,0,0,7.8958,0,1,1,1,3,1,0,0,0,1,0,0,1
78,0.0,3,25.0,0,0,8.05,0,1,1,1,3,2,0,0,0,1,0,0,1
79,1.0,2,0.83,0,2,29.0,0,4,3,0,1,3,0,0,0,1,0,1,0
80,1.0,3,30.0,0,0,12.475,0,2,1,1,3,2,1,0,0,1,0,0,1
81,0.0,3,22.0,0,0,9.0,0,1,1,1,3,2,0,0,0,1,0,0,1
82,1.0,3,29.0,0,0,9.5,0,1,1,1,3,2,0,0,0,1,0,0,1
83,1.0,3,22.0,0,0,7.7875,0,2,1,1,3,1,1,0,1,0,0,0,1
84,0.0,1,28.0,0,0,47.1,0,1,1,1,3,4,0,0,0,1,1,0,0
85,1.0,2,17.0,0,0,10.5,0,2,1,1,2,2,1,0,0,1,0,1,0
86,1.0,3,33.0,3,0,15.85,0,3,4,0,3,3,1,0,0,1,0,0,1
87,0.0,3,16.0,1,3,34.375,0,1,5,0,2,4,0,0,0,1,0,0,1
88,0.0,3,25.0,0,0,8.05,0,1,1,1,3,2,0,0,0,1,0,0,1
89,1.0,1,23.0,3,2,133.65,1,2,6,0,3,4,1,0,0,1,1,0,0
90,0.0,3,24.0,0,0,8.05,0,1,1,1,3,2,0,0,0,1,0,0,1
91,0.0,3,29.0,0,0,8.05,0,1,1,1,3,2,0,0,0,1,0,0,1
92,0.0,3,20.0,0,0,7.8542,0,1,1,1,3,1,0,0,0,1,0,0,1
93,0.0,1,46.0,1,0,61.175,1,1,2,0,3,4,0,0,0,1,1,0,0
94,0.0,3,26.0,1,2,20.575,0,1,4,0,3,3,0,0,0,1,0,0,1
95,0.0,3,59.0,0,0,7.25,0,1,1,1,3,1,0,0,0,1,0,0,1
96,0.0,3,25.0,0,0,8.05,0,1,1,1,3,2,0,0,0,1,0,0,1
97,0.0,1,71.0,0,0,34.6542,1,1,1,1,4,4,0,1,0,0,1,0,0
98,1.0,1,23.0,0,1,63.3583,1,1,2,0,3,4,0,1,0,0,1,0,0
99,1.0,2,34.0,0,1,23.0,0,3,2,0,3,3,1,0,0,1,0,1,0
100,0.0,2,34.0,1,0,26.0,0,1,2,0,3,3,0,0,0,1,0,1,0
101,0.0,3,28.0,0,0,7.8958,0,2,1,1,3,1,1,0,0,1,0,0,1
102,0.0,3,25.0,0,0,7.8958,0,1,1,1,3,1,0,0,0,1,0,0,1
103,0.0,1,21.0,0,1,77.2875,1,1,2,0,3,4,0,0,0,1,1,0,0
104,0.0,3,33.0,0,0,8.6542,0,1,1,1,3,2,0,0,0,1,0,0,1
105,0.0,3,37.0,2,0,7.925,0,1,3,0,3,2,0,0,0,1,0,0,1
106,0.0,3,28.0,0,0,7.8958,0,1,1,1,3,1,0,0,0,1,0,0,1
107,1.0,3,21.0,0,0,7.65,0,2,1,1,3,1,1,0,0,1,0,0,1
108,1.0,3,25.0,0,0,7.775,0,1,1,1,3,1,0,0,0,1,0,0,1
109,0.0,3,38.0,0,0,7.8958,0,1,1,1,3,1,0,0,0,1,0,0,1
110,1.0,3,22.0,1,0,24.15,0,2,2,0,3,3,1,0,1,0,0,0,1
111,0.0,1,47.0,0,0,52.0,1,1,1,1,3,4,0,0,0,1,1,0,0
112,0.0,3,14.5,1,0,14.4542,0,2,2,0,2,2,1,1,0,0,0,0,1
113,0.0,3,22.0,0,0,8.05,0,1,1,1,3,2,0,0,0,1,0,0,1
114,0.0,3,20.0,1,0,9.825,0,2,2,0,3,2,1,0,0,1,0,0,1
115,0.0,3,17.0,0,0,14.4583,0,2,1,1,2,3,1,1,0,0,0,0,1
116,0.0,3,21.0,0,0,7.925,0,1,1,1,3,2,0,0,0,1,0,0,1
117,0.0,3,70.5,0,0,7.75,0,1,1,1,4,1,0,0,1,0,0,0,1
118,0.0,2,29.0,1,0,21.0,0,1,2,0,3,3,0,0,0,1,0,1,0
119,0.0,1,24.0,0,1,133.65,1,1,2,0,3,4,0,1,0,0,1,0,0
120,0.0,3,2.0,4,2,31.275,0,2,7,0,1,3,1,0,0,1,0,0,1
121,0.0,2,21.0,2,0,73.5,0,1,3,0,3,4,0,0,0,1,0,1,0
122,0.0,3,25.0,0,0,8.05,0,1,1,1,3,2,0,0,0,1,0,0,1
123,0.0,2,32.5,1,0,30.0708,0,1,2,0,3,3,0,1,0,0,0,1,0
124,1.0,2,32.5,0,0,13.0,1,2,1,1,3,2,1,0,0,1,0,1,0
125,0.0,1,54.0,0,1,77.2875,1,1,2,0,3,4,0,0,0,1,1,0,0
126,1.0,3,12.0,1,0,11.2417,0,4,2,0,1,2,0,1,0,0,0,0,1
127,0.0,3,25.0,0,0,7.75,0,1,1,1,3,1,0,0,1,0,0,0,1
128,1.0,3,24.0,0,0,7.1417,0,1,1,1,3,1,0,0,0,1,0,0,1
129,1.0,3,22.0,1,1,22.3583,1,2,3,0,3,3,1,1,0,0,0,0,1
130,0.0,3,45.0,0,0,6.975,0,1,1,1,3,1,0,0,0,1,0,0,1
131,0.0,3,33.0,0,0,7.8958,0,1,1,1,3,1,0,1,0,0,0,0,1
132,0.0,3,20.0,0,0,7.05,0,1,1,1,3,1,0,0,0,1,0,0,1
133,0.0,3,47.0,1,0,14.5,0,3,2,0,3,3,1,0,0,1,0,0,1
134,1.0,2,29.0,1,0,26.0,0,3,2,0,3,3,1,0,0,1,0,1,0
135,0.0,2,25.0,0,0,13.0,0,1,1,1,3,2,0,0,0,1,0,1,0
136,0.0,2,23.0,0,0,15.0458,0,1,1,1,3,3,0,1,0,0,0,1,0
137,1.0,1,19.0,0,2,26.2833,1,2,3,0,3,3,1,0,0,1,1,0,0
138,0.0,1,37.0,1,0,53.1,1,1,2,0,3,4,0,0,0,1,1,0,0
139,0.0,3,16.0,0,0,9.2167,0,1,1,1,2,2,0,0,0,1,0,0,1
140,0.0,1,24.0,0,0,79.2,1,1,1,1,3,4,0,1,0,0,1,0,0
141,0.0,3,22.0,0,2,15.2458,0,3,3,0,3,3,1,1,0,0,0,0,1
142,1.0,3,22.0,0,0,7.75,0,2,1,1,3,1,1,0,0,1,0,0,1
143,1.0,3,24.0,1,0,15.85,0,3,2,0,3,3,1,0,0,1,0,0,1
144,0.0,3,19.0,0,0,6.75,0,1,1,1,3,1,0,0,1,0,0,0,1
145,0.0,2,18.0,0,0,11.5,0,1,1,1,2,2,0,0,0,1,0,1,0
146,0.0,2,19.0,1,1,36.75,0,1,3,0,3,4,0,0,0,1,0,1,0
147,1.0,3,27.0,0,0,7.7958,0,1,1,1,3,1,0,0,0,1,0,0,1
148,0.0,3,9.0,2,2,34.375,0,2,5,0,1,4,1,0,0,1,0,0,1
149,0.0,2,36.5,0,2,26.0,1,1,3,0,3,3,0,0,0,1,0,1,0
150,0.0,2,42.0,0,0,13.0,0,5,1,1,3,2,0,0,0,1,0,1,0
151,0.0,2,51.0,0,0,12.525,0,5,1,1,3,2,0,0,0,1,0,1,0
152,1.0,1,22.0,1,0,66.6,1,3,2,0,3,4,1,0,0,1,1,0,0
153,0.0,3,55.5,0,0,8.05,0,1,1,1,3,2,0,0,0,1,0,0,1
154,0.0,3,40.5,0,2,14.5,0,1,3,0,3,3,0,0,0,1,0,0,1
155,0.0,3,25.0,0,0,7.3125,0,1,1,1,3,1,0,0,0,1,0,0,1
156,0.0,1,51.0,0,1,61.3792,0,1,2,0,3,4,0,1,0,0,1,0,0
157,1.0,3,16.0,0,0,7.7333,0,2,1,1,2,1,1,0,1,0,0,0,1
158,0.0,3,30.0,0,0,8.05,0,1,1,1,3,2,0,0,0,1,0,0,1
159,0.0,3,25.0,0,0,8.6625,0,1,1,1,3,2,0,0,0,1,0,0,1
160,0.0,3,25.0,8,2,69.55,0,4,11,0,3,4,0,0,0,1,0,0,1
161,0.0,3,44.0,0,1,16.1,0,1,2,0,3,3,0,0,0,1,0,0,1
162,1.0,2,40.0,0,0,15.75,0,3,1,1,3,3,1,0,0,1,0,1,0
163,0.0,3,26.0,0,0,7.775,0,1,1,1,3,1,0,0,0,1,0,0,1
164,0.0,3,17.0,0,0,8.6625,0,1,1,1,2,2,0,0,0,1,0,0,1
165,0.0,3,1.0,4,1,39.6875,0,4,6,0,1,4,0,0,0,1,0,0,1
166,1.0,3,9.0,0,2,20.525,0,4,3,0,1,3,0,0,0,1,0,0,1
167,1.0,1,36.0,0,1,55.0,1,3,2,0,3,4,1,0,0,1,1,0,0
168,0.0,3,45.0,1,4,27.9,0,3,6,0,3,3,1,0,0,1,0,0,1
169,0.0,1,42.0,0,0,25.925,0,1,1,1,3,3,0,0,0,1,1,0,0
170,0.0,3,28.0,0,0,56.4958,0,1,1,1,3,4,0,0,0,1,0,0,1
171,0.0,1,61.0,0,0,33.5,1,1,1,1,4,4,0,0,0,1,1,0,0
172,0.0,3,4.0,4,1,29.125,0,4,6,0,1,3,0,0,1,0,0,0,1
173,1.0,3,1.0,1,1,11.1333,0,2,3,0,1,2,1,0,0,1,0,0,1
174,0.0,3,21.0,0,0,7.925,0,1,1,1,3,2,0,0,0,1,0,0,1
175,0.0,1,56.0,0,0,30.6958,1,1,1,1,3,3,0,1,0,0,1,0,0
176,0.0,3,18.0,1,1,7.8542,0,1,3,0,2,1,0,0,0,1,0,0,1
177,0.0,3,25.0,3,1,25.4667,0,4,5,0,3,3,0,0,0,1,0,0,1
178,0.0,1,50.0,0,0,28.7125,1,2,1,1,3,3,1,1,0,0,1,0,0
179,0.0,2,30.0,0,0,13.0,0,1,1,1,3,2,0,0,0,1,0,1,0
180,0.0,3,36.0,0,0,0.0,0,1,1,1,3,1,0,0,0,1,0,0,1
181,0.0,3,22.0,8,2,69.55,0,2,11,0,3,4,1,0,0,1,0,0,1
182,0.0,2,29.5,0,0,15.05,0,1,1,1,3,3,0,1,0,0,0,1,0
183,0.0,3,9.0,4,2,31.3875,0,4,7,0,1,4,0,0,0,1,0,0,1
184,1.0,2,1.0,2,1,39.0,1,4,4,0,1,4,0,0,0,1,0,1,0
185,1.0,3,4.0,0,2,22.025,0,2,3,0,1,3,1,0,0,1,0,0,1
186,0.0,1,42.0,0,0,50.0,1,1,1,1,3,4,0,0,0,1,1,0,0
187,1.0,3,22.0,1,0,15.5,0,3,2,0,3,3,1,0,1,0,0,0,1
188,1.0,1,45.0,0,0,26.55,0,1,1,1,3,3,0,0,0,1,1,0,0
189,0.0,3,40.0,1,1,15.5,0,1,3,0,3,3,0,0,1,0,0,0,1
190,0.0,3,36.0,0,0,7.8958,0,1,1,1,3,1,0,0,0,1,0,0,1
191,1.0,2,32.0,0,0,13.0,0,3,1,1,3,2,1,0,0,1,0,1,0
192,0.0,2,19.0,0,0,13.0,0,1,1,1,3,2,0,0,0,1,0,1,0
193,1.0,3,19.0,1,0,7.8542,0,2,2,0,3,1,1,0,0,1,0,0,1
194,1.0,2,3.0,1,1,26.0,1,4,3,0,1,3,0,0,0,1,0,1,0
195,1.0,1,44.0,0,0,27.7208,1,3,1,1,3,3,1,1,0,0,1,0,0
196,1.0,1,58.0,0,0,133.65,1,2,1,1,3,4,1,1,0,0,1,0,0
197,0.0,3,25.0,0,0,7.75,0,1,1,1,3,1,0,0,1,0,0,0,1
198,0.0,3,42.0,0,1,8.4042,0,1,2,0,3,2,0,0,0,1,0,0,1
199,1.0,3,22.0,0,0,7.75,0,2,1,1,3,1,1,0,1,0,0,0,1
200,0.0,2,24.0,0,0,13.0,0,2,1,1,3,2,1,0,0,1,0,1,0
201,0.0,3,28.0,0,0,9.5,0,1,1,1,3,2,0,0,0,1,0,0,1
202,0.0,3,25.0,8,2,69.55,0,1,11,0,3,4,0,0,0,1,0,0,1
203,0.0,3,34.0,0,0,6.4958,0,1,1,1,3,1,0,0,0,1,0,0,1
204,0.0,3,45.5,0,0,7.225,0,1,1,1,3,1,0,1,0,0,0,0,1
205,1.0,3,18.0,0,0,8.05,0,1,1,1,2,2,0,0,0,1,0,0,1
206,0.0,3,2.0,0,1,10.4625,1,2,2,0,1,2,1,0,0,1,0,0,1
207,0.0,3,32.0,1,0,15.85,0,1,2,0,3,3,0,0,0,1,0,0,1
208,1.0,3,26.0,0,0,18.7875,0,1,1,1,3,3,0,1,0,0,0,0,1
209,1.0,3,16.0,0,0,7.75,0,2,1,1,2,1,1,0,1,0,0,0,1
210,1.0,1,40.0,0,0,31.0,1,1,1,1,3,3,0,1,0,0,1,0,0
211,0.0,3,24.0,0,0,7.05,0,1,1,1,3,1,0,0,0,1,0,0,1
212,1.0,2,35.0,0,0,21.0,0,2,1,1,3,3,1,0,0,1,0,1,0
213,0.0,3,22.0,0,0,7.25,0,1,1,1,3,1,0,0,0,1,0,0,1
214,0.0,2,30.0,0,0,13.0,0,1,1,1,3,2,0,0,0,1,0,1,0
215,0.0,3,25.0,1,0,7.75,0,1,2,0,3,1,0,0,1,0,0,0,1
216,1.0,1,31.0,1,0,113.275,1,2,2,0,3,4,1,1,0,0,1,0,0
217,1.0,3,27.0,0,0,7.925,0,2,1,1,3,2,1,0,0,1,0,0,1
218,0.0,2,42.0,1,0,27.0,0,1,2,0,3,3,0,0,0,1,0,1,0
219,1.0,1,32.0,0,0,76.2917,1,2,1,1,3,4,1,1,0,0,1,0,0
220,0.0,2,30.0,0,0,10.5,0,1,1,1,3,2,0,0,0,1,0,1,0
221,1.0,3,16.0,0,0,8.05,0,1,1,1,2,2,0,0,0,1,0,0,1
222,0.0,2,27.0,0,0,13.0,0,1,1,1,3,2,0,0,0,1,0,1,0
223,0.0,3,51.0,0,0,8.05,0,1,1,1,3,2,0,0,0,1,0,0,1
224,0.0,3,25.0,0,0,7.8958,0,1,1,1,3,1,0,0,0,1,0,0,1
225,1.0,1,38.0,1,0,90.0,1,1,2,0,3,4,0,0,0,1,1,0,0
226,0.0,3,22.0,0,0,9.35,0,1,1,1,3,2,0,0,0,1,0,0,1
227,1.0,2,19.0,0,0,10.5,0,1,1,1,3,2,0,0,0,1,0,1,0
228,0.0,3,20.5,0,0,7.25,0,1,1,1,3,1,0,0,0,1,0,0,1
229,0.0,2,18.0,0,0,13.0,0,1,1,1,2,2,0,0,0,1,0,1,0
230,0.0,3,22.0,3,1,25.4667,0,2,5,0,3,3,1,0,0,1,0,0,1
231,1.0,1,35.0,1,0,83.475,1,3,2,0,3,4,1,0,0,1,1,0,0
232,0.0,3,29.0,0,0,7.775,0,1,1,1,3,1,0,0,0,1,0,0,1
233,0.0,2,59.0,0,0,13.5,0,1,1,1,3,2,0,0,0,1,0,1,0
234,1.0,3,5.0,4,2,31.3875,0,2,7,0,1,4,1,0,0,1,0,0,1
235,0.0,2,24.0,0,0,10.5,0,1,1,1,3,2,0,0,0,1,0,1,0
236,0.0,3,22.0,0,0,7.55,0,2,1,1,3,1,1,0,0,1,0,0,1
237,0.0,2,44.0,1,0,26.0,0,1,2,0,3,3,0,0,0,1,0,1,0
238,1.0,2,8.0,0,2,26.25,0,2,3,0,1,3,1,0,0,1,0,1,0
239,0.0,2,19.0,0,0,10.5,0,1,1,1,3,2,0,0,0,1,0,1,0
240,0.0,2,33.0,0,0,12.275,0,1,1,1,3,2,0,0,0,1,0,1,0
241,0.0,3,22.0,1,0,14.4542,0,2,2,0,3,2,1,1,0,0,0,0,1
242,1.0,3,22.0,1,0,15.5,0,2,2,0,3,3,1,0,1,0,0,0,1
243,0.0,2,29.0,0,0,10.5,0,1,1,1,3,2,0,0,0,1,0,1,0
244,0.0,3,22.0,0,0,7.125,0,1,1,1,3,1,0,0,0,1,0,0,1
245,0.0,3,30.0,0,0,7.225,0,1,1,1,3,1,0,1,0,0,0,0,1
246,0.0,1,44.0,2,0,90.0,1,5,3,0,3,4,0,0,1,0,1,0,0
247,0.0,3,25.0,0,0,7.775,0,2,1,1,3,1,1,0,0,1,0,0,1
248,1.0,2,24.0,0,2,14.5,0,3,3,0,3,3,1,0,0,1,0,1,0
249,1.0,1,37.0,1,1,52.5542,1,1,3,0,3,4,0,0,0,1,1,0,0
250,0.0,2,54.0,1,0,26.0,0,5,2,0,3,3,0,0,0,1,0,1,0
251,0.0,3,25.0,0,0,7.25,0,1,1,1,3,1,0,0,0,1,0,0,1
252,0.0,3,29.0,1,1,10.4625,1,3,3,0,3,2,1,0,0,1,0,0,1
253,0.0,1,62.0,0,0,26.55,1,1,1,1,4,3,0,0,0,1,1,0,0
254,0.0,3,30.0,1,0,16.1,0,1,2,0,3,3,0,0,0,1,0,0,1
255,0.0,3,41.0,0,2,20.2125,0,3,3,0,3,3,1,0,0,1,0,0,1
256,1.0,3,29.0,0,2,15.2458,0,3,3,0,3,3,1,1,0,0,0,0,1
257,1.0,1,36.0,0,0,79.2,0,3,1,1,3,4,1,1,0,0,1,0,0
258,1.0,1,30.0,0,0,86.5,1,2,1,1,3,4,1,0,0,1,1,0,0
259,1.0,1,35.0,0,0,133.65,0,2,1,1,3,4,1,1,0,0,1,0,0
260,1.0,2,50.0,0,1,26.0,0,3,2,0,3,3,1,0,0,1,0,1,0
261,0.0,3,25.0,0,0,7.75,0,1,1,1,3,1,0,0,1,0,0,0,1
262,1.0,3,3.0,4,2,31.3875,0,4,7,0,1,4,0,0,0,1,0,0,1
263,0.0,1,52.0,1,1,79.65,1,1,3,0,3,4,0,0,0,1,1,0,0
264,0.0,1,40.0,0,0,0.0,1,1,1,1,3,1,0,0,0,1,1,0,0
265,0.0,3,22.0,0,0,7.75,0,2,1,1,3,1,1,0,1,0,0,0,1
266,0.0,2,36.0,0,0,10.5,0,1,1,1,3,2,0,0,0,1,0,1,0
267,0.0,3,16.0,4,1,39.6875,0,1,6,0,2,4,0,0,0,1,0,0,1
268,1.0,3,25.0,1,0,7.775,0,1,2,0,3,1,0,0,0,1,0,0,1
269,1.0,1,58.0,0,1,133.65,1,3,2,0,3,4,1,0,0,1,1,0,0
270,1.0,1,35.0,0,0,133.65,1,2,1,1,3,4,1,0,0,1,1,0,0
271,0.0,1,42.0,0,0,31.0,0,1,1,1,3,3,0,0,0,1,1,0,0
272,1.0,3,25.0,0,0,0.0,0,1,1,1,3,1,0,0,0,1,0,0,1
273,1.0,2,41.0,0,1,19.5,0,3,2,0,3,3,1,0,0,1,0,1,0
274,0.0,1,37.0,0,1,29.7,1,1,2,0,3,3,0,1,0,0,1,0,0
275,1.0,3,22.0,0,0,7.75,0,2,1,1,3,1,1,0,1,0,0,0,1
276,1.0,1,63.0,1,0,77.9583,1,2,2,0,4,4,1,0,0,1,1,0,0
277,0.0,3,45.0,0,0,7.75,0,2,1,1,3,1,1,0,0,1,0,0,1
278,0.0,2,29.5,0,0,0.0,0,1,1,1,3,1,0,0,0,1,0,1,0
279,0.0,3,7.0,4,1,29.125,0,4,6,0,1,3,0,0,1,0,0,0,1
280,1.0,3,35.0,1,1,20.25,0,3,3,0,3,3,1,0,0,1,0,0,1
281,0.0,3,65.0,0,0,7.75,0,1,1,1,4,1,0,0,1,0,0,0,1
282,0.0,3,28.0,0,0,7.8542,0,1,1,1,3,1,0,0,0,1,0,0,1
283,0.0,3,16.0,0,0,9.5,0,1,1,1,2,2,0,0,0,1,0,0,1
284,1.0,3,19.0,0,0,8.05,0,1,1,1,3,2,0,0,0,1,0,0,1
285,0.0,1,42.0,0,0,26.0,1,1,1,1,3,3,0,0,0,1,1,0,0
286,0.0,3,33.0,0,0,8.6625,0,1,1,1,3,2,0,1,0,0,0,0,1
287,1.0,3,30.0,0,0,9.5,0,1,1,1,3,2,0,0,0,1,0,0,1
288,0.0,3,22.0,0,0,7.8958,0,1,1,1,3,1,0,0,0,1,0,0,1
289,1.0,2,42.0,0,0,13.0,0,1,1,1,3,2,0,0,0,1,0,1,0
290,1.0,3,22.0,0,0,7.75,0,2,1,1,3,1,1,0,1,0,0,0,1
291,1.0,1,26.0,0,0,78.85,0,2,1,1,3,4,1,0,0,1,1,0,0
292,1.0,1,19.0,1,0,91.0792,1,3,2,0,3,4,1,1,0,0,1,0,0
293,0.0,2,36.0,0,0,12.875,1,1,1,1,3,2,0,1,0,0,0,1,0
294,0.0,3,24.0,0,0,8.85,0,2,1,1,3,2,1,0,0,1,0,0,1
295,0.0,3,24.0,0,0,7.8958,0,1,1,1,3,1,0,0,0,1,0,0,1
296,0.0,1,42.0,0,0,27.7208,0,1,1,1,3,3,0,1,0,0,1,0,0
297,0.0,3,23.5,0,0,7.2292,0,1,1,1,3,1,0,1,0,0,0,0,1
298,0.0,1,2.0,1,2,133.65,1,2,4,0,1,4,1,0,0,1,1,0,0
299,1.0,1,42.0,0,0,30.5,1,1,1,1,3,3,0,0,0,1,1,0,0
300,1.0,1,50.0,0,1,133.65,1,3,2,0,3,4,1,1,0,0,1,0,0
301,1.0,3,22.0,0,0,7.75,0,2,1,1,3,1,1,0,1,0,0,0,1
302,1.0,3,25.0,2,0,23.25,0,1,3,0,3,3,0,0,1,0,0,0,1
303,0.0,3,19.0,0,0,0.0,0,1,1,1,3,1,0,0,0,1,0,0,1
304,1.0,2,28.0,0,0,12.35,1,2,1,1,3,2,1,0,1,0,0,1,0
305,0.0,3,25.0,0,0,8.05,0,1,1,1,3,2,0,0,0,1,0,0,1
306,1.0,1,0.92,1,2,133.65,1,4,4,0,1,4,0,0,0,1,1,0,0
307,1.0,1,36.0,0,0,110.8833,0,2,1,1,3,4,1,1,0,0,1,0,0
308,1.0,1,17.0,1,0,108.9,1,3,2,0,2,4,1,1,0,0,1,0,0
309,0.0,2,30.0,1,0,24.0,0,1,2,0,3,3,0,1,0,0,0,1,0
310,1.0,1,30.0,0,0,56.9292,1,2,1,1,3,4,1,1,0,0,1,0,0
311,1.0,1,24.0,0,0,83.1583,1,2,1,1,3,4,1,1,0,0,1,0,0
312,1.0,1,18.0,2,2,133.65,1,2,5,0,2,4,1,1,0,0,1,0,0
313,0.0,2,26.0,1,1,26.0,0,3,3,0,3,3,1,0,0,1,0,1,0
314,0.0,3,28.0,0,0,7.8958,0,1,1,1,3,1,0,0,0,1,0,0,1
315,0.0,2,43.0,1,1,26.25,0,1,3,0,3,3,0,0,0,1,0,1,0
316,1.0,3,26.0,0,0,7.8542,0,2,1,1,3,1,1,0,0,1,0,0,1
317,1.0,2,24.0,1,0,26.0,0,3,2,0,3,3,1,0,0,1,0,1,0
318,0.0,2,54.0,0,0,14.0,0,5,1,1,3,2,0,0,0,1,0,1,0
319,1.0,1,31.0,0,2,133.65,1,2,3,0,3,4,1,0,0,1,1,0,0
320,1.0,1,40.0,1,1,133.65,1,3,3,0,3,4,1,1,0,0,1,0,0
321,0.0,3,22.0,0,0,7.25,0,1,1,1,3,1,0,0,0,1,0,0,1
322,0.0,3,27.0,0,0,7.8958,0,1,1,1,3,1,0,0,0,1,0,0,1
323,1.0,2,30.0,0,0,12.35,0,2,1,1,3,2,1,0,1,0,0,1,0
324,1.0,2,22.0,1,1,29.0,0,3,3,0,3,3,1,0,0,1,0,1,0
325,0.0,3,25.0,8,2,69.55,0,1,11,0,3,4,0,0,0,1,0,0,1
326,1.0,1,36.0,0,0,133.65,1,2,1,1,3,4,1,1,0,0,1,0,0
327,0.0,3,61.0,0,0,6.2375,0,1,1,1,4,1,0,0,0,1,0,0,1
328,1.0,2,36.0,0,0,13.0,1,3,1,1,3,2,1,0,0,1,0,1,0
329,1.0,3,31.0,1,1,20.525,0,3,3,0,3,3,1,0,0,1,0,0,1
330,1.0,1,16.0,0,1,57.9792,1,2,2,0,2,4,1,1,0,0,1,0,0
331,1.0,3,22.0,2,0,23.25,0,2,3,0,3,3,1,0,1,0,0,0,1
332,0.0,1,45.5,0,0,28.5,1,1,1,1,3,3,0,0,0,1,1,0,0
333,0.0,1,38.0,0,1,133.65,1,1,2,0,3,4,0,0,0,1,1,0,0
334,0.0,3,16.0,2,0,18.0,0,1,3,0,2,3,0,0,0,1,0,0,1
335,1.0,1,36.0,1,0,133.65,0,3,2,0,3,4,1,0,0,1,1,0,0
336,0.0,3,25.0,0,0,7.8958,0,1,1,1,3,1,0,0,0,1,0,0,1
337,0.0,1,29.0,1,0,66.6,1,1,2,0,3,4,0,0,0,1,1,0,0
338,1.0,1,41.0,0,0,133.65,1,2,1,1,3,4,1,1,0,0,1,0,0
339,1.0,3,45.0,0,0,8.05,0,1,1,1,3,2,0,0,0,1,0,0,1
340,0.0,1,45.0,0,0,35.5,1,1,1,1,3,4,0,0,0,1,1,0,0
341,1.0,2,2.0,1,1,26.0,1,4,3,0,1,3,0,0,0,1,0,1,0
342,1.0,1,24.0,3,2,133.65,1,2,6,0,3,4,1,0,0,1,1,0,0
343,0.0,2,28.0,0,0,13.0,0,1,1,1,3,2,0,0,0,1,0,1,0
344,0.0,2,25.0,0,0,13.0,0,1,1,1,3,2,0,0,0,1,0,1,0
345,0.0,2,36.0,0,0,13.0,0,1,1,1,3,2,0,0,0,1,0,1,0
346,1.0,2,24.0,0,0,13.0,1,2,1,1,3,2,1,0,0,1,0,1,0
347,1.0,2,40.0,0,0,13.0,0,2,1,1,3,2,1,0,0,1,0,1,0
348,1.0,3,22.0,1,0,16.1,0,3,2,0,3,3,1,0,0,1,0,0,1
349,1.0,3,3.0,1,1,15.9,0,4,3,0,1,3,0,0,0,1,0,0,1
350,0.0,3,42.0,0,0,8.6625,0,1,1,1,3,2,0,0,0,1,0,0,1
351,0.0,3,23.0,0,0,9.225,0,1,1,1,3,2,0,0,0,1,0,0,1
352,0.0,1,42.0,0,0,35.0,1,1,1,1,3,4,0,0,0,1,1,0,0
353,0.0,3,15.0,1,1,7.2292,0,1,3,0,2,1,0,1,0,0,0,0,1
354,0.0,3,25.0,1,0,17.8,0,1,2,0,3,3,0,0,0,1,0,0,1
355,0.0,3,25.0,0,0,7.225,0,1,1,1,3,1,0,1,0,0,0,0,1
356,0.0,3,28.0,0,0,9.5,0,1,1,1,3,2,0,0,0,1,0,0,1
357,1.0,1,22.0,0,1,55.0,1,2,2,0,3,4,1,0,0,1,1,0,0
358,0.0,2,38.0,0,0,13.0,0,2,1,1,3,2,1,0,0,1,0,1,0
359,1.0,3,22.0,0,0,7.8792,0,2,1,1,3,1,1,0,1,0,0,0,1
360,1.0,3,22.0,0,0,7.8792,0,2,1,1,3,1,1,0,1,0,0,0,1
361,0.0,3,40.0,1,4,27.9,0,1,6,0,3,3,0,0,0,1,0,0,1
362,0.0,2,29.0,1,0,27.7208,0,1,2,0,3,3,0,1,0,0,0,1,0
363,0.0,3,45.0,0,1,14.4542,0,3,2,0,3,2,1,1,0,0,0,0,1
364,0.0,3,35.0,0,0,7.05,0,1,1,1,3,1,0,0,0,1,0,0,1
365,0.0,3,25.0,1,0,15.5,0,1,2,0,3,3,0,0,1,0,0,0,1
366,0.0,3,30.0,0,0,7.25,0,1,1,1,3,1,0,0,0,1,0,0,1
367,1.0,1,60.0,1,0,75.25,1,3,2,0,3,4,1,1,0,0,1,0,0
368,1.0,3,22.0,0,0,7.2292,0,3,1,1,3,1,1,1,0,0,0,0,1
369,1.0,3,22.0,0,0,7.75,0,2,1,1,3,1,1,0,1,0,0,0,1
370,1.0,1,24.0,0,0,69.3,1,5,1,1,3,4,1,1,0,0,1,0,0
371,1.0,1,25.0,1,0,55.4417,1,1,2,0,3,4,0,1,0,0,1,0,0
372,0.0,3,18.0,1,0,6.4958,0,1,2,0,2,1,0,0,0,1,0,0,1
373,0.0,3,19.0,0,0,8.05,0,1,1,1,3,2,0,0,0,1,0,0,1
374,0.0,1,22.0,0,0,133.65,0,1,1,1,3,4,0,1,0,0,1,0,0
375,0.0,3,3.0,3,1,21.075,0,2,5,0,1,3,1,0,0,1,0,0,1
376,1.0,1,36.0,1,0,82.1708,0,3,2,0,3,4,1,1,0,0,1,0,0
377,1.0,3,22.0,0,0,7.25,0,2,1,1,3,1,1,0,0,1,0,0,1
378,0.0,1,27.0,0,2,133.65,1,1,3,0,3,4,0,1,0,0,1,0,0
379,0.0,3,20.0,0,0,4.0125,0,1,1,1,3,1,0,1,0,0,0,0,1
380,0.0,3,19.0,0,0,7.775,0,1,1,1,3,1,0,0,0,1,0,0,1
381,1.0,1,42.0,0,0,133.65,0,2,1,1,3,4,1,1,0,0,1,0,0
382,1.0,3,1.0,0,2,15.7417,0,2,3,0,1,3,1,1,0,0,0,0,1
383,0.0,3,32.0,0,0,7.925,0,1,1,1,3,2,0,0,0,1,0,0,1
384,1.0,1,35.0,1,0,52.0,0,3,2,0,3,4,1,0,0,1,1,0,0
385,0.0,3,25.0,0,0,7.8958,0,1,1,1,3,1,0,0,0,1,0,0,1
386,0.0,2,18.0,0,0,73.5,0,1,1,1,2,4,0,0,0,1,0,1,0
387,0.0,3,1.0,5,2,46.9,0,4,8,0,1,4,0,0,0,1,0,0,1
388,1.0,2,36.0,0,0,13.0,0,2,1,1,3,2,1,0,0,1,0,1,0
389,0.0,3,25.0,0,0,7.7292,0,1,1,1,3,1,0,0,1,0,0,0,1
390,1.0,2,17.0,0,0,12.0,0,2,1,1,2,2,1,1,0,0,0,1,0
391,1.0,1,36.0,1,2,120.0,1,1,4,0,3,4,0,0,0,1,1,0,0
392,1.0,3,21.0,0,0,7.7958,0,1,1,1,3,1,0,0,0,1,0,0,1
393,0.0,3,28.0,2,0,7.925,0,1,3,0,3,2,0,0,0,1,0,0,1
394,1.0,1,23.0,1,0,113.275,1,2,2,0,3,4,1,1,0,0,1,0,0
395,1.0,3,24.0,0,2,16.7,1,3,3,0,3,3,1,0,0,1,0,0,1
396,0.0,3,22.0,0,0,7.7958,0,1,1,1,3,1,0,0,0,1,0,0,1
397,0.0,3,31.0,0,0,7.8542,0,2,1,1,3,1,1,0,0,1,0,0,1
398,0.0,2,46.0,0,0,26.0,0,1,1,1,3,3,0,0,0,1,0,1,0
399,0.0,2,23.0,0,0,10.5,0,5,1,1,3,2,0,0,0,1,0,1,0
400,1.0,2,28.0,0,0,12.65,0,3,1,1,3,2,1,0,0,1,0,1,0
401,1.0,3,39.0,0,0,7.925,0,1,1,1,3,2,0,0,0,1,0,0,1
402,0.0,3,26.0,0,0,8.05,0,1,1,1,3,2,0,0,0,1,0,0,1
403,0.0,3,21.0,1,0,9.825,0,2,2,0,3,2,1,0,0,1,0,0,1
404,0.0,3,28.0,1,0,15.85,0,1,2,0,3,3,0,0,0,1,0,0,1
405,0.0,3,20.0,0,0,8.6625,0,2,1,1,3,2,1,0,0,1,0,0,1
406,0.0,2,34.0,1,0,21.0,0,1,2,0,3,3,0,0,0,1,0,1,0
407,0.0,3,51.0,0,0,7.75,0,1,1,1,3,1,0,0,0,1,0,0,1
408,1.0,2,3.0,1,1,18.75,0,4,3,0,1,3,0,0,0,1,0,1,0
409,0.0,3,21.0,0,0,7.775,0,1,1,1,3,1,0,0,0,1,0,0,1
410,0.0,3,22.0,3,1,25.4667,0,2,5,0,3,3,1,0,0,1,0,0,1
411,0.0,3,25.0,0,0,7.8958,0,1,1,1,3,1,0,0,0,1,0,0,1
412,0.0,3,25.0,0,0,6.8583,0,1,1,1,3,1,0,0,1,0,0,0,1
413,1.0,1,33.0,1,0,90.0,1,2,2,0,3,4,1,0,1,0,1,0,0
414,0.0,2,29.5,0,0,0.0,0,1,1,1,3,1,0,0,0,1,0,1,0
415,1.0,3,44.0,0,0,7.925,0,1,1,1,3,2,0,0,0,1,0,0,1
416,0.0,3,22.0,0,0,8.05,0,3,1,1,3,2,1,0,0,1,0,0,1
417,1.0,2,34.0,1,1,32.5,0,3,3,0,3,4,1,0,0,1,0,1,0
418,1.0,2,18.0,0,2,13.0,0,2,3,0,2,2,1,0,0,1,0,1,0
419,0.0,2,30.0,0,0,13.0,0,1,1,1,3,2,0,0,0,1,0,1,0
420,0.0,3,10.0,0,2,24.15,0,2,3,0,1,3,1,0,0,1,0,0,1
421,0.0,3,25.0,0,0,7.8958,0,1,1,1,3,1,0,1,0,0,0,0,1
422,0.0,3,21.0,0,0,7.7333,0,1,1,1,3,1,0,0,1,0,0,0,1
423,0.0,3,29.0,0,0,7.875,0,1,1,1,3,1,0,0,0,1,0,0,1
424,0.0,3,28.0,1,1,14.4,0,3,3,0,3,2,1,0,0,1,0,0,1
425,0.0,3,18.0,1,1,20.2125,0,1,3,0,2,3,0,0,0,1,0,0,1
426,0.0,3,25.0,0,0,7.25,0,1,1,1,3,1,0,0,0,1,0,0,1
427,1.0,2,28.0,1,0,26.0,0,3,2,0,3,3,1,0,0,1,0,1,0
428,1.0,2,19.0,0,0,26.0,0,2,1,1,3,3,1,0,0,1,0,1,0
429,0.0,3,25.0,0,0,7.75,0,1,1,1,3,1,0,0,1,0,0,0,1
430,1.0,3,32.0,0,0,8.05,1,1,1,1,3,2,0,0,0,1,0,0,1
431,1.0,1,28.0,0,0,26.55,1,1,1,1,3,3,0,0,0,1,1,0,0
432,1.0,3,22.0,1,0,16.1,0,3,2,0,3,3,1,0,0,1,0,0,1
433,1.0,2,42.0,1,0,26.0,0,3,2,0,3,3,1,0,0,1,0,1,0
434,0.0,3,17.0,0,0,7.125,0,1,1,1,2,1,0,0,0,1,0,0,1
435,0.0,1,50.0,1,0,55.9,1,1,2,0,3,4,0,0,0,1,1,0,0
436,1.0,1,14.0,1,2,120.0,1,2,4,0,2,4,1,0,0,1,1,0,0
437,0.0,3,21.0,2,2,34.375,0,2,5,0,3,4,1,0,0,1,0,0,1
438,1.0,2,24.0,2,3,18.75,0,3,6,0,3,3,1,0,0,1,0,1,0
439,0.0,1,64.0,1,4,133.65,1,1,6,0,4,4,0,0,0,1,1,0,0
440,0.0,2,31.0,0,0,10.5,0,1,1,1,3,2,0,0,0,1,0,1,0
441,1.0,2,45.0,1,1,26.25,0,3,3,0,3,3,1,0,0,1,0,1,0
442,0.0,3,20.0,0,0,9.5,0,1,1,1,3,2,0,0,0,1,0,0,1
443,0.0,3,25.0,1,0,7.775,0,1,2,0,3,1,0,0,0,1,0,0,1
444,1.0,2,28.0,0,0,13.0,0,5,1,1,3,2,1,0,0,1,0,1,0
445,1.0,3,25.0,0,0,8.1125,0,1,1,1,3,2,0,0,0,1,0,0,1
446,1.0,1,4.0,0,2,81.8583,1,4,3,0,1,4,0,0,0,1,1,0,0
447,1.0,2,13.0,0,1,19.5,0,2,2,0,2,3,1,0,0,1,0,1,0
448,1.0,1,34.0,0,0,26.55,0,1,1,1,3,3,0,0,0,1,1,0,0
449,1.0,3,5.0,2,1,19.2583,0,2,4,0,1,3,1,1,0,0,0,0,1
450,1.0,1,52.0,0,0,30.5,1,5,1,1,3,3,0,0,0,1,1,0,0
451,0.0,2,36.0,1,2,27.75,0,1,4,0,3,3,0,0,0,1,0,1,0
452,0.0,3,25.0,1,0,19.9667,0,1,2,0,3,3,0,0,0,1,0,0,1
453,0.0,1,30.0,0,0,27.75,1,1,1,1,3,3,0,1,0,0,1,0,0
454,1.0,1,49.0,1,0,89.1042,1,1,2,0,3,4,0,1,0,0,1,0,0
455,0.0,3,25.0,0,0,8.05,0,1,1,1,3,2,0,0,0,1,0,0,1
456,1.0,3,29.0,0,0,7.8958,0,1,1,1,3,1,0,1,0,0,0,0,1
457,0.0,1,65.0,0,0,26.55,1,1,1,1,4,3,0,0,0,1,1,0,0
458,1.0,1,36.0,1,0,51.8625,1,3,2,0,3,4,1,0,0,1,1,0,0
459,1.0,2,50.0,0,0,10.5,0,2,1,1,3,2,1,0,0,1,0,1,0
460,0.0,3,25.0,0,0,7.75,0,1,1,1,3,1,0,0,1,0,0,0,1
461,1.0,1,48.0,0,0,26.55,1,1,1,1,3,3,0,0,0,1,1,0,0
462,0.0,3,34.0,0,0,8.05,0,1,1,1,3,2,0,0,0,1,0,0,1
463,0.0,1,47.0,0,0,38.5,1,1,1,1,3,4,0,0,0,1,1,0,0
464,0.0,2,48.0,0,0,13.0,0,1,1,1,3,2,0,0,0,1,0,1,0
465,0.0,3,25.0,0,0,8.05,0,1,1,1,3,2,0,0,0,1,0,0,1
466,0.0,3,38.0,0,0,7.05,0,1,1,1,3,1,0,0,0,1,0,0,1
467,0.0,2,29.5,0,0,0.0,0,1,1,1,3,1,0,0,0,1,0,1,0
468,0.0,1,56.0,0,0,26.55,0,1,1,1,3,3,0,0,0,1,1,0,0
469,0.0,3,25.0,0,0,7.725,0,1,1,1,3,1,0,0,1,0,0,0,1
470,1.0,3,0.75,2,1,19.2583,0,2,4,0,1,3,1,1,0,0,0,0,1
471,0.0,3,25.0,0,0,7.25,0,1,1,1,3,1,0,0,0,1,0,0,1
472,0.0,3,38.0,0,0,8.6625,0,1,1,1,3,2,0,0,0,1,0,0,1
473,1.0,2,33.0,1,2,27.75,0,3,4,0,3,3,1,0,0,1,0,1,0
474,1.0,2,23.0,0,0,13.7917,1,3,1,1,3,2,1,1,0,0,0,1,0
475,0.0,3,22.0,0,0,9.8375,0,2,1,1,3,2,1,0,0,1,0,0,1
476,0.0,1,42.0,0,0,52.0,1,1,1,1,3,4,0,0,0,1,1,0,0
477,0.0,2,34.0,1,0,21.0,0,1,2,0,3,3,0,0,0,1,0,1,0
478,0.0,3,29.0,1,0,7.0458,0,1,2,0,3,1,0,0,0,1,0,0,1
479,0.0,3,22.0,0,0,7.5208,0,1,1,1,3,1,0,0,0,1,0,0,1
480,1.0,3,2.0,0,1,12.2875,0,2,2,0,1,2,1,0,0,1,0,0,1
481,0.0,3,9.0,5,2,46.9,0,4,8,0,1,4,0,0,0,1,0,0,1
482,0.0,2,29.5,0,0,0.0,0,1,1,1,3,1,0,0,0,1,0,1,0
483,0.0,3,50.0,0,0,8.05,0,1,1,1,3,2,0,0,0,1,0,0,1
484,1.0,3,63.0,0,0,9.5875,0,3,1,1,4,2,1,0,0,1,0,0,1
485,1.0,1,25.0,1,0,91.0792,1,1,2,0,3,4,0,1,0,0,1,0,0
486,0.0,3,22.0,3,1,25.4667,0,2,5,0,3,3,1,0,0,1,0,0,1
487,1.0,1,35.0,1,0,90.0,1,3,2,0,3,4,1,0,0,1,1,0,0
488,0.0,1,58.0,0,0,29.7,1,1,1,1,3,3,0,1,0,0,1,0,0
489,0.0,3,30.0,0,0,8.05,0,1,1,1,3,2,0,0,0,1,0,0,1
490,1.0,3,9.0,1,1,15.9,0,4,3,0,1,3,0,0,0,1,0,0,1
491,0.0,3,25.0,1,0,19.9667,0,1,2,0,3,3,0,0,0,1,0,0,1
492,0.0,3,21.0,0,0,7.25,0,1,1,1,3,1,0,0,0,1,0,0,1
493,0.0,1,55.0,0,0,30.5,1,1,1,1,3,3,0,0,0,1,1,0,0
494,0.0,1,71.0,0,0,49.5042,0,1,1,1,4,4,0,1,0,0,1,0,0
495,0.0,3,21.0,0,0,8.05,0,1,1,1,3,2,0,0,0,1,0,0,1
496,0.0,3,25.0,0,0,14.4583,0,1,1,1,3,3,0,1,0,0,0,0,1
497,1.0,1,54.0,1,0,78.2667,1,2,2,0,3,4,1,1,0,0,1,0,0
498,0.0,3,25.0,0,0,15.1,0,1,1,1,3,3,0,0,0,1,0,0,1
499,0.0,1,25.0,1,2,133.65,1,3,4,0,3,4,1,0,0,1,1,0,0
500,0.0,3,24.0,0,0,7.7958,0,1,1,1,3,1,0,0,0,1,0,0,1
501,0.0,3,17.0,0,0,8.6625,0,1,1,1,2,2,0,0,0,1,0,0,1
502,0.0,3,21.0,0,0,7.75,0,2,1,1,3,1,1,0,1,0,0,0,1
503,0.0,3,22.0,0,0,7.6292,0,2,1,1,3,1,1,0,1,0,0,0,1
504,0.0,3,37.0,0,0,9.5875,0,2,1,1,3,2,1,0,0,1,0,0,1
505,1.0,1,16.0,0,0,86.5,1,2,1,1,2,4,1,0,0,1,1,0,0
506,0.0,1,18.0,1,0,108.9,1,1,2,0,2,4,0,1,0,0,1,0,0
507,1.0,2,33.0,0,2,26.0,0,3,3,0,3,3,1,0,0,1,0,1,0
508,1.0,1,42.0,0,0,26.55,0,1,1,1,3,3,0,0,0,1,1,0,0
509,0.0,3,28.0,0,0,22.525,0,1,1,1,3,3,0,0,0,1,0,0,1
510,1.0,3,26.0,0,0,56.4958,0,1,1,1,3,4,0,0,0,1,0,0,1
511,1.0,3,29.0,0,0,7.75,0,1,1,1,3,1,0,0,1,0,0,0,1
512,0.0,3,25.0,0,0,8.05,0,1,1,1,3,2,0,0,0,1,0,0,1
513,1.0,1,36.0,0,0,26.2875,1,1,1,1,3,3,0,0,0,1,1,0,0
514,1.0,1,54.0,1,0,59.4,0,3,2,0,3,4,1,1,0,0,1,0,0
515,0.0,3,24.0,0,0,7.4958,0,1,1,1,3,1,0,0,0,1,0,0,1
516,0.0,1,47.0,0,0,34.0208,1,1,1,1,3,4,0,0,0,1,1,0,0
517,1.0,2,34.0,0,0,10.5,1,3,1,1,3,2,1,0,0,1,0,1,0
518,0.0,3,25.0,0,0,24.15,0,1,1,1,3,3,0,0,1,0,0,0,1
519,1.0,2,36.0,1,0,26.0,0,3,2,0,3,3,1,0,0,1,0,1,0
520,0.0,3,32.0,0,0,7.8958,0,1,1,1,3,1,0,0,0,1,0,0,1
521,1.0,1,30.0,0,0,93.5,1,2,1,1,3,4,1,0,0,1,1,0,0
522,0.0,3,22.0,0,0,7.8958,0,1,1,1,3,1,0,0,0,1,0,0,1
523,0.0,3,25.0,0,0,7.225,0,1,1,1,3,1,0,1,0,0,0,0,1
524,1.0,1,44.0,0,1,57.9792,1,3,2,0,3,4,1,1,0,0,1,0,0
525,0.0,3,25.0,0,0,7.2292,0,1,1,1,3,1,0,1,0,0,0,0,1
526,0.0,3,40.5,0,0,7.75,0,1,1,1,3,1,0,0,1,0,0,0,1
527,1.0,2,50.0,0,0,10.5,0,2,1,1,3,2,1,0,0,1,0,1,0
528,0.0,1,42.0,0,0,133.65,1,1,1,1,3,4,0,0,0,1,1,0,0
529,0.0,3,39.0,0,0,7.925,0,1,1,1,3,2,0,0,0,1,0,0,1
530,0.0,2,23.0,2,1,11.5,0,1,4,0,3,2,0,0,0,1,0,1,0
531,1.0,2,2.0,1,1,26.0,0,2,3,0,1,3,1,0,0,1,0,1,0
532,0.0,3,25.0,0,0,7.2292,0,1,1,1,3,1,0,1,0,0,0,0,1
533,0.0,3,17.0,1,1,7.2292,0,1,3,0,2,1,0,1,0,0,0,0,1
534,1.0,3,22.0,0,2,22.3583,0,3,3,0,3,3,1,1,0,0,0,0,1
535,0.0,3,30.0,0,0,8.6625,0,2,1,1,3,2,1,0,0,1,0,0,1
536,1.0,2,7.0,0,2,26.25,0,2,3,0,1,3,1,0,0,1,0,1,0
537,0.0,1,45.0,0,0,26.55,1,5,1,1,3,3,0,0,0,1,1,0,0
538,1.0,1,30.0,0,0,106.425,0,2,1,1,3,4,1,1,0,0,1,0,0
539,0.0,3,25.0,0,0,14.5,0,1,1,1,3,3,0,0,0,1,0,0,1
540,1.0,1,22.0,0,2,49.5,1,2,3,0,3,4,1,1,0,0,1,0,0
541,1.0,1,36.0,0,2,71.0,1,2,3,0,3,4,1,0,0,1,1,0,0
542,0.0,3,9.0,4,2,31.275,0,2,7,0,1,3,1,0,0,1,0,0,1
543,0.0,3,11.0,4,2,31.275,0,2,7,0,1,3,1,0,0,1,0,0,1
544,1.0,2,32.0,1,0,26.0,0,1,2,0,3,3,0,0,0,1,0,1,0
545,0.0,1,50.0,1,0,106.425,1,1,2,0,3,4,0,1,0,0,1,0,0
546,0.0,1,64.0,0,0,26.0,0,1,1,1,4,3,0,0,0,1,1,0,0
547,1.0,2,19.0,1,0,26.0,0,3,2,0,3,3,1,0,0,1,0,1,0
548,1.0,2,29.5,0,0,13.8625,0,1,1,1,3,2,0,1,0,0,0,1,0
549,0.0,3,33.0,1,1,20.525,0,1,3,0,3,3,0,0,0,1,0,0,1
550,1.0,2,8.0,1,1,36.75,0,4,3,0,1,4,0,0,0,1,0,1,0
551,1.0,1,17.0,0,2,110.8833,1,1,3,0,2,4,0,1,0,0,1,0,0
552,0.0,2,27.0,0,0,26.0,0,1,1,1,3,3,0,0,0,1,0,1,0
553,0.0,3,25.0,0,0,7.8292,0,1,1,1,3,1,0,0,1,0,0,0,1
554,1.0,3,22.0,0,0,7.225,0,1,1,1,3,1,0,1,0,0,0,0,1
555,1.0,3,22.0,0,0,7.775,0,2,1,1,3,1,1,0,0,1,0,0,1
556,0.0,1,62.0,0,0,26.55,0,1,1,1,4,3,0,0,0,1,1,0,0
557,1.0,1,48.0,1,0,39.6,1,5,2,0,3,4,1,1,0,0,1,0,0
558,0.0,1,42.0,0,0,133.65,0,1,1,1,3,4,0,1,0,0,1,0,0
559,1.0,1,39.0,1,1,79.65,1,3,3,0,3,4,1,0,0,1,1,0,0
560,1.0,3,36.0,1,0,17.4,0,3,2,0,3,3,1,0,0,1,0,0,1
561,0.0,3,25.0,0,0,7.75,0,1,1,1,3,1,0,0,1,0,0,0,1
562,0.0,3,40.0,0,0,7.8958,0,1,1,1,3,1,0,0,0,1,0,0,1
563,0.0,2,28.0,0,0,13.5,0,1,1,1,3,2,0,0,0,1,0,1,0
564,0.0,3,25.0,0,0,8.05,0,1,1,1,3,2,0,0,0,1,0,0,1
565,0.0,3,22.0,0,0,8.05,0,2,1,1,3,2,1,0,0,1,0,0,1
566,0.0,3,24.0,2,0,24.15,0,1,3,0,3,3,0,0,0,1,0,0,1
567,0.0,3,19.0,0,0,7.8958,0,1,1,1,3,1,0,0,0,1,0,0,1
568,0.0,3,29.0,0,4,21.075,0,3,5,0,3,3,1,0,0,1,0,0,1
569,0.0,3,25.0,0,0,7.2292,0,1,1,1,3,1,0,1,0,0,0,0,1
570,1.0,3,32.0,0,0,7.8542,0,1,1,1,3,1,0,0,0,1,0,0,1
571,1.0,2,62.0,0,0,10.5,0,1,1,1,4,2,0,0,0,1,0,1,0
572,1.0,1,53.0,2,0,51.4792,1,3,3,0,3,4,1,0,0,1,1,0,0
573,1.0,1,36.0,0,0,26.3875,1,1,1,1,3,3,0,0,0,1,1,0,0
574,1.0,3,22.0,0,0,7.75,0,2,1,1,3,1,1,0,1,0,0,0,1
575,0.0,3,16.0,0,0,8.05,0,1,1,1,2,2,0,0,0,1,0,0,1
576,0.0,3,19.0,0,0,14.5,0,1,1,1,3,3,0,0,0,1,0,0,1
577,1.0,2,34.0,0,0,13.0,0,2,1,1,3,2,1,0,0,1,0,1,0
578,1.0,1,39.0,1,0,55.9,1,3,2,0,3,4,1,0,0,1,1,0,0
579,0.0,3,22.0,1,0,14.4583,0,3,2,0,3,3,1,1,0,0,0,0,1
580,1.0,3,32.0,0,0,7.925,0,1,1,1,3,2,0,0,0,1,0,0,1
581,1.0,2,25.0,1,1,30.0,0,2,3,0,3,3,1,0,0,1,0,1,0
582,1.0,1,39.0,1,1,110.8833,1,3,3,0,3,4,1,1,0,0,1,0,0
583,0.0,2,54.0,0,0,26.0,0,1,1,1,3,3,0,0,0,1,0,1,0
584,0.0,1,36.0,0,0,40.125,1,1,1,1,3,4,0,1,0,0,1,0,0
585,0.0,3,25.0,0,0,8.7125,0,1,1,1,3,2,0,1,0,0,0,0,1
586,1.0,1,18.0,0,2,79.65,1,2,3,0,2,4,1,0,0,1,1,0,0
587,0.0,2,47.0,0,0,15.0,0,1,1,1,3,3,0,0,0,1,0,1,0
588,1.0,1,60.0,1,1,79.2,1,1,3,0,3,4,0,1,0,0,1,0,0
589,0.0,3,22.0,0,0,8.05,0,1,1,1,3,2,0,0,0,1,0,0,1
590,0.0,3,25.0,0,0,8.05,0,1,1,1,3,2,0,0,0,1,0,0,1
591,0.0,3,35.0,0,0,7.125,0,1,1,1,3,1,0,0,0,1,0,0,1
592,1.0,1,52.0,1,0,78.2667,1,3,2,0,3,4,1,1,0,0,1,0,0
593,0.0,3,47.0,0,0,7.25,0,1,1,1,3,1,0,0,0,1,0,0,1
594,0.0,3,22.0,0,2,7.75,0,2,3,0,3,1,1,0,1,0,0,0,1
595,0.0,2,37.0,1,0,26.0,0,1,2,0,3,3,0,0,0,1,0,1,0
596,0.0,3,36.0,1,1,24.15,0,1,3,0,3,3,0,0,0,1,0,0,1
597,1.0,2,28.0,0,0,33.0,0,2,1,1,3,4,1,0,0,1,0,1,0
598,0.0,3,49.0,0,0,0.0,0,1,1,1,3,1,0,0,0,1,0,0,1
599,0.0,3,25.0,0,0,7.225,0,1,1,1,3,1,0,1,0,0,0,0,1
600,1.0,1,49.0,1,0,56.9292,1,5,2,0,3,4,0,1,0,0,1,0,0
601,1.0,2,24.0,2,1,27.0,0,3,4,0,3,3,1,0,0,1,0,1,0
602,0.0,3,25.0,0,0,7.8958,0,1,1,1,3,1,0,0,0,1,0,0,1
603,0.0,1,42.0,0,0,42.4,0,1,1,1,3,4,0,0,0,1,1,0,0
604,0.0,3,44.0,0,0,8.05,0,1,1,1,3,2,0,0,0,1,0,0,1
605,1.0,1,35.0,0,0,26.55,0,1,1,1,3,3,0,1,0,0,1,0,0
606,0.0,3,36.0,1,0,15.55,0,1,2,0,3,3,0,0,0,1,0,0,1
607,0.0,3,30.0,0,0,7.8958,0,1,1,1,3,1,0,0,0,1,0,0,1
608,1.0,1,27.0,0,0,30.5,0,1,1,1,3,3,0,0,0,1,1,0,0
609,1.0,2,22.0,1,2,41.5792,0,3,4,0,3,4,1,1,0,0,0,1,0
610,1.0,1,40.0,0,0,133.65,1,2,1,1,3,4,1,0,0,1,1,0,0
611,0.0,3,39.0,1,5,31.275,0,3,7,0,3,3,1,0,0,1,0,0,1
612,0.0,3,25.0,0,0,7.05,0,1,1,1,3,1,0,0,0,1,0,0,1
613,1.0,3,22.0,1,0,15.5,0,2,2,0,3,3,1,0,1,0,0,0,1
614,0.0,3,25.0,0,0,7.75,0,1,1,1,3,1,0,0,1,0,0,0,1
615,0.0,3,35.0,0,0,8.05,0,1,1,1,3,2,0,0,0,1,0,0,1
616,1.0,2,24.0,1,2,65.0,0,2,4,0,3,4,1,0,0,1,0,1,0
617,0.0,3,34.0,1,1,14.4,0,1,3,0,3,2,0,0,0,1,0,0,1
618,0.0,3,26.0,1,0,16.1,0,3,2,0,3,3,1,0,0,1,0,0,1
619,1.0,2,4.0,2,1,39.0,1,2,4,0,1,4,1,0,0,1,0,1,0
620,0.0,2,26.0,0,0,10.5,0,1,1,1,3,2,0,0,0,1,0,1,0
621,0.0,3,27.0,1,0,14.4542,0,1,2,0,3,2,0,1,0,0,0,0,1
622,1.0,1,42.0,1,0,52.5542,1,1,2,0,3,4,0,0,0,1,1,0,0
623,1.0,3,20.0,1,1,15.7417,0,1,3,0,3,3,0,1,0,0,0,0,1
624,0.0,3,21.0,0,0,7.8542,0,1,1,1,3,1,0,0,0,1,0,0,1
625,0.0,3,21.0,0,0,16.1,0,1,1,1,3,3,0,0,0,1,0,0,1
626,0.0,1,61.0,0,0,32.3208,1,1,1,1,4,4,0,0,0,1,1,0,0
627,0.0,2,57.0,0,0,12.35,0,5,1,1,3,2,0,0,1,0,0,1,0
628,1.0,1,21.0,0,0,77.9583,1,2,1,1,3,4,1,0,0,1,1,0,0
629,0.0,3,26.0,0,0,7.8958,0,1,1,1,3,1,0,0,0,1,0,0,1
630,0.0,3,25.0,0,0,7.7333,0,1,1,1,3,1,0,0,1,0,0,0,1
631,1.0,1,80.0,0,0,30.0,1,1,1,1,4,3,0,0,0,1,1,0,0
632,0.0,3,51.0,0,0,7.0542,0,1,1,1,3,1,0,0,0,1,0,0,1
633,1.0,1,32.0,0,0,30.5,1,5,1,1,3,3,0,1,0,0,1,0,0
634,0.0,1,42.0,0,0,0.0,0,1,1,1,3,1,0,0,0,1,1,0,0
635,0.0,3,9.0,3,2,27.9,0,2,6,0,1,3,1,0,0,1,0,0,1
636,1.0,2,28.0,0,0,13.0,0,2,1,1,3,2,1,0,0,1,0,1,0
637,0.0,3,32.0,0,0,7.925,0,1,1,1,3,2,0,0,0,1,0,0,1
638,0.0,2,31.0,1,1,26.25,0,1,3,0,3,3,0,0,0,1,0,1,0
639,0.0,3,41.0,0,5,39.6875,0,3,6,0,3,4,1,0,0,1,0,0,1
640,0.0,3,25.0,1,0,16.1,0,1,2,0,3,3,0,0,0,1,0,0,1
641,0.0,3,20.0,0,0,7.8542,0,1,1,1,3,1,0,0,0,1,0,0,1
642,1.0,1,24.0,0,0,69.3,1,5,1,1,3,4,1,1,0,0,1,0,0
643,0.0,3,2.0,3,2,27.9,0,2,6,0,1,3,1,0,0,1,0,0,1
644,1.0,3,25.0,0,0,56.4958,0,1,1,1,3,4,0,0,0,1,0,0,1
645,1.0,3,0.75,2,1,19.2583,0,2,4,0,1,3,1,1,0,0,0,0,1
646,1.0,1,48.0,1,0,76.7292,1,1,2,0,3,4,0,1,0,0,1,0,0
647,0.0,3,19.0,0,0,7.8958,0,1,1,1,3,1,0,0,0,1,0,0,1
648,1.0,1,56.0,0,0,35.5,1,5,1,1,3,4,0,1,0,0,1,0,0
649,0.0,3,25.0,0,0,7.55,0,1,1,1,3,1,0,0,0,1,0,0,1
650,1.0,3,23.0,0,0,7.55,0,2,1,1,3,1,1,0,0,1,0,0,1
651,0.0,3,25.0,0,0,7.8958,0,1,1,1,3,1,0,0,0,1,0,0,1
652,1.0,2,18.0,0,1,23.0,0,2,2,0,2,3,1,0,0,1,0,1,0
653,0.0,3,21.0,0,0,8.4333,0,1,1,1,3,2,0,0,0,1,0,0,1
654,1.0,3,22.0,0,0,7.8292,0,2,1,1,3,1,1,0,1,0,0,0,1
655,0.0,3,18.0,0,0,6.75,0,2,1,1,2,1,1,0,1,0,0,0,1
656,0.0,2,24.0,2,0,73.5,0,1,3,0,3,4,0,0,0,1,0,1,0
657,0.0,3,25.0,0,0,7.8958,0,1,1,1,3,1,0,0,0,1,0,0,1
658,0.0,3,32.0,1,1,15.5,0,3,3,0,3,3,1,0,1,0,0,0,1
659,0.0,2,23.0,0,0,13.0,0,1,1,1,3,2,0,0,0,1,0,1,0
660,0.0,1,58.0,0,2,113.275,1,1,3,0,3,4,0,1,0,0,1,0,0
661,1.0,1,50.0,2,0,133.65,0,5,3,0,3,4,0,0,0,1,1,0,0
662,0.0,3,40.0,0,0,7.225,0,1,1,1,3,1,0,1,0,0,0,0,1
663,0.0,1,47.0,0,0,25.5875,1,1,1,1,3,3,0,0,0,1,1,0,0
664,0.0,3,36.0,0,0,7.4958,0,1,1,1,3,1,0,0,0,1,0,0,1
665,1.0,3,20.0,1,0,7.925,0,1,2,0,3,2,0,0,0,1,0,0,1
666,0.0,2,32.0,2,0,73.5,0,1,3,0,3,4,0,0,0,1,0,1,0
667,0.0,2,25.0,0,0,13.0,0,1,1,1,3,2,0,0,0,1,0,1,0
668,0.0,3,25.0,0,0,7.775,0,1,1,1,3,1,0,0,0,1,0,0,1
669,0.0,3,43.0,0,0,8.05,0,1,1,1,3,2,0,0,0,1,0,0,1
670,1.0,1,36.0,1,0,52.0,1,3,2,0,3,4,1,0,0,1,1,0,0
671,1.0,2,40.0,1,1,39.0,0,3,3,0,3,4,1,0,0,1,0,1,0
672,0.0,1,31.0,1,0,52.0,1,1,2,0,3,4,0,0,0,1,1,0,0
673,0.0,2,70.0,0,0,10.5,0,1,1,1,4,2,0,0,0,1,0,1,0
674,1.0,2,31.0,0,0,13.0,0,1,1,1,3,2,0,0,0,1,0,1,0
675,0.0,2,29.5,0,0,0.0,0,1,1,1,3,1,0,0,0,1,0,1,0
676,0.0,3,18.0,0,0,7.775,0,1,1,1,2,1,0,0,0,1,0,0,1
677,0.0,3,24.5,0,0,8.05,0,1,1,1,3,2,0,0,0,1,0,0,1
678,1.0,3,18.0,0,0,9.8417,0,2,1,1,2,2,1,0,0,1,0,0,1
679,0.0,3,43.0,1,6,46.9,0,3,8,0,3,4,1,0,0,1,0,0,1
680,1.0,1,36.0,0,1,133.65,1,1,2,0,3,4,0,1,0,0,1,0,0
681,0.0,3,22.0,0,0,8.1375,0,2,1,1,3,2,1,0,1,0,0,0,1
682,1.0,1,27.0,0,0,76.7292,1,1,1,1,3,4,0,1,0,0,1,0,0
683,0.0,3,20.0,0,0,9.225,0,1,1,1,3,2,0,0,0,1,0,0,1
684,0.0,3,14.0,5,2,46.9,0,1,8,0,2,4,0,0,0,1,0,0,1
685,0.0,2,60.0,1,1,39.0,0,1,3,0,3,4,0,0,0,1,0,1,0
686,0.0,2,25.0,1,2,41.5792,0,1,4,0,3,4,0,1,0,0,0,1,0
687,0.0,3,14.0,4,1,39.6875,0,1,6,0,2,4,0,0,0,1,0,0,1
688,0.0,3,19.0,0,0,10.1708,0,1,1,1,3,2,0,0,0,1,0,0,1
689,0.0,3,18.0,0,0,7.7958,0,1,1,1,2,1,0,0,0,1,0,0,1
690,1.0,1,15.0,0,1,133.65,1,2,2,0,2,4,1,0,0,1,1,0,0
691,1.0,1,31.0,1,0,57.0,1,1,2,0,3,4,0,0,0,1,1,0,0
692,1.0,3,4.0,0,1,13.4167,0,2,2,0,1,2,1,1,0,0,0,0,1
693,1.0,3,25.0,0,0,56.4958,0,1,1,1,3,4,0,0,0,1,0,0,1
694,0.0,3,25.0,0,0,7.225,0,1,1,1,3,1,0,1,0,0,0,0,1
695,0.0,1,60.0,0,0,26.55,0,5,1,1,3,3,0,0,0,1,1,0,0
696,0.0,2,52.0,0,0,13.5,0,1,1,1,3,2,0,0,0,1,0,1,0
697,0.0,3,44.0,0,0,8.05,0,1,1,1,3,2,0,0,0,1,0,0,1
698,1.0,3,22.0,0,0,7.7333,0,2,1,1,3,1,1,0,1,0,0,0,1
699,0.0,1,49.0,1,1,110.8833,1,1,3,0,3,4,0,1,0,0,1,0,0
700,0.0,3,42.0,0,0,7.65,1,1,1,1,3,1,0,0,0,1,0,0,1
701,1.0,1,18.0,1,0,133.65,1,3,2,0,2,4,1,1,0,0,1,0,0
702,1.0,1,35.0,0,0,26.2875,1,1,1,1,3,3,0,0,0,1,1,0,0
703,0.0,3,18.0,0,1,14.4542,0,2,2,0,2,2,1,1,0,0,0,0,1
704,0.0,3,25.0,0,0,7.7417,0,1,1,1,3,1,0,0,1,0,0,0,1
705,0.0,3,26.0,1,0,7.8542,0,1,2,0,3,1,0,0,0,1,0,0,1
706,0.0,2,39.0,0,0,26.0,0,1,1,1,3,3,0,0,0,1,0,1,0
707,1.0,2,45.0,0,0,13.5,0,3,1,1,3,2,1,0,0,1,0,1,0
708,1.0,1,42.0,0,0,26.2875,1,1,1,1,3,3,0,0,0,1,1,0,0
709,1.0,1,22.0,0,0,133.65,0,2,1,1,3,4,1,0,0,1,1,0,0
710,1.0,3,25.0,1,1,15.2458,0,4,3,0,3,3,0,1,0,0,0,0,1
711,1.0,1,24.0,0,0,49.5042,1,5,1,1,3,4,1,1,0,0,1,0,0
712,0.0,1,42.0,0,0,26.55,1,1,1,1,3,3,0,0,0,1,1,0,0
713,1.0,1,48.0,1,0,52.0,1,1,2,0,3,4,0,0,0,1,1,0,0
714,0.0,3,29.0,0,0,9.4833,0,1,1,1,3,2,0,0,0,1,0,0,1
715,0.0,2,52.0,0,0,13.0,0,1,1,1,3,2,0,0,0,1,0,1,0
716,0.0,3,19.0,0,0,7.65,1,1,1,1,3,1,0,0,0,1,0,0,1
717,1.0,1,38.0,0,0,133.65,1,2,1,1,3,4,1,1,0,0,1,0,0
718,1.0,2,27.0,0,0,10.5,1,2,1,1,3,2,1,0,0,1,0,1,0
719,0.0,3,25.0,0,0,15.5,0,1,1,1,3,3,0,0,1,0,0,0,1
720,0.0,3,33.0,0,0,7.775,0,1,1,1,3,1,0,0,0,1,0,0,1
721,1.0,2,6.0,0,1,33.0,0,2,2,0,1,4,1,0,0,1,0,1,0
722,0.0,3,17.0,1,0,7.0542,0,1,2,0,2,1,0,0,0,1,0,0,1
723,0.0,2,34.0,0,0,13.0,0,1,1,1,3,2,0,0,0,1,0,1,0
724,0.0,2,50.0,0,0,13.0,0,1,1,1,3,2,0,0,0,1,0,1,0
725,1.0,1,27.0,1,0,53.1,1,1,2,0,3,4,0,0,0,1,1,0,0
726,0.0,3,20.0,0,0,8.6625,0,1,1,1,3,2,0,0,0,1,0,0,1
727,1.0,2,30.0,3,0,21.0,0,3,4,0,3,3,1,0,0,1,0,1,0
728,1.0,3,22.0,0,0,7.7375,0,2,1,1,3,1,1,0,1,0,0,0,1
729,0.0,2,25.0,1,0,26.0,0,1,2,0,3,3,0,0,0,1,0,1,0
730,0.0,3,25.0,1,0,7.925,0,2,2,0,3,2,1,0,0,1,0,0,1
731,1.0,1,29.0,0,0,133.65,1,2,1,1,3,4,1,0,0,1,1,0,0
732,0.0,3,11.0,0,0,18.7875,0,1,1,1,1,3,0,1,0,0,0,0,1
733,0.0,2,29.5,0,0,0.0,0,1,1,1,3,1,0,0,0,1,0,1,0
734,0.0,2,23.0,0,0,13.0,0,1,1,1,3,2,0,0,0,1,0,1,0
735,0.0,2,23.0,0,0,13.0,0,1,1,1,3,2,0,0,0,1,0,1,0
736,0.0,3,28.5,0,0,16.1,0,1,1,1,3,3,0,0,0,1,0,0,1
737,0.0,3,48.0,1,3,34.375,0,3,5,0,3,4,1,0,0,1,0,0,1
738,1.0,1,35.0,0,0,133.65,1,1,1,1,3,4,0,1,0,0,1,0,0
739,0.0,3,25.0,0,0,7.8958,0,1,1,1,3,1,0,0,0,1,0,0,1
740,0.0,3,25.0,0,0,7.8958,0,1,1,1,3,1,0,0,0,1,0,0,1
741,1.0,1,42.0,0,0,30.0,1,1,1,1,3,3,0,0,0,1,1,0,0
742,0.0,1,36.0,1,0,78.85,1,1,2,0,3,4,0,0,0,1,1,0,0
743,1.0,1,21.0,2,2,133.65,1,2,5,0,3,4,1,1,0,0,1,0,0
744,0.0,3,24.0,1,0,16.1,0,1,2,0,3,3,0,0,0,1,0,0,1
745,1.0,3,31.0,0,0,7.925,0,1,1,1,3,2,0,0,0,1,0,0,1
746,0.0,1,70.0,1,1,71.0,1,5,3,0,4,4,0,0,0,1,1,0,0
747,0.0,3,16.0,1,1,20.25,0,1,3,0,2,3,0,0,0,1,0,0,1
748,1.0,2,30.0,0,0,13.0,0,2,1,1,3,2,1,0,0,1,0,1,0
749,0.0,1,19.0,1,0,53.1,1,1,2,0,3,4,0,0,0,1,1,0,0
750,0.0,3,31.0,0,0,7.75,0,1,1,1,3,1,0,0,1,0,0,0,1
751,1.0,2,4.0,1,1,23.0,0,2,3,0,1,3,1,0,0,1,0,1,0
752,1.0,3,6.0,0,1,12.475,1,4,2,0,1,2,0,0,0,1,0,0,1
753,0.0,3,33.0,0,0,9.5,0,1,1,1,3,2,0,0,0,1,0,0,1
754,0.0,3,23.0,0,0,7.8958,0,1,1,1,3,1,0,0,0,1,0,0,1
755,1.0,2,48.0,1,2,65.0,0,3,4,0,3,4,1,0,0,1,0,1,0
756,1.0,2,0.67,1,1,14.5,0,4,3,0,1,3,0,0,0,1,0,1,0
757,0.0,3,28.0,0,0,7.7958,0,1,1,1,3,1,0,0,0,1,0,0,1
758,0.0,2,18.0,0,0,11.5,0,1,1,1,2,2,0,0,0,1,0,1,0
759,0.0,3,34.0,0,0,8.05,0,1,1,1,3,2,0,0,0,1,0,0,1
760,1.0,1,33.0,0,0,86.5,1,5,1,1,3,4,1,0,0,1,1,0,0
761,0.0,3,25.0,0,0,14.5,0,1,1,1,3,3,0,0,0,1,0,0,1
762,0.0,3,41.0,0,0,7.125,0,1,1,1,3,1,0,0,0,1,0,0,1
763,1.0,3,20.0,0,0,7.2292,0,1,1,1,3,1,0,1,0,0,0,0,1
764,1.0,1,36.0,1,2,120.0,1,3,4,0,3,4,1,0,0,1,1,0,0
765,0.0,3,16.0,0,0,7.775,0,1,1,1,2,1,0,0,0,1,0,0,1
766,1.0,1,51.0,1,0,77.9583,1,3,2,0,3,4,1,0,0,1,1,0,0
767,0.0,1,42.0,0,0,39.6,0,5,1,1,3,4,0,1,0,0,1,0,0
768,0.0,3,30.5,0,0,7.75,0,2,1,1,3,1,1,0,1,0,0,0,1
769,0.0,3,25.0,1,0,24.15,0,1,2,0,3,3,0,0,1,0,0,0,1
770,0.0,3,32.0,0,0,8.3625,0,1,1,1,3,2,0,0,0,1,0,0,1
771,0.0,3,24.0,0,0,9.5,0,1,1,1,3,2,0,0,0,1,0,0,1
772,0.0,3,48.0,0,0,7.8542,0,1,1,1,3,1,0,0,0,1,0,0,1
773,0.0,2,57.0,0,0,10.5,1,3,1,1,3,2,1,0,0,1,0,1,0
774,0.0,3,25.0,0,0,7.225,0,1,1,1,3,1,0,1,0,0,0,0,1
775,1.0,2,54.0,1,3,23.0,0,3,5,0,3,3,1,0,0,1,0,1,0
776,0.0,3,18.0,0,0,7.75,0,1,1,1,2,1,0,0,0,1,0,0,1
777,0.0,3,25.0,0,0,7.75,1,1,1,1,3,1,0,0,1,0,0,0,1
778,1.0,3,5.0,0,0,12.475,0,2,1,1,1,2,1,0,0,1,0,0,1
779,0.0,3,25.0,0,0,7.7375,0,1,1,1,3,1,0,0,1,0,0,0,1
780,1.0,1,43.0,0,1,133.65,1,3,2,0,3,4,1,0,0,1,1,0,0
781,1.0,3,13.0,0,0,7.2292,0,2,1,1,2,1,1,1,0,0,0,0,1
782,1.0,1,17.0,1,0,57.0,1,3,2,0,2,4,1,0,0,1,1,0,0
783,0.0,1,29.0,0,0,30.0,1,1,1,1,3,3,0,0,0,1,1,0,0
784,0.0,3,25.0,1,2,23.45,0,1,4,0,3,3,0,0,0,1,0,0,1
785,0.0,3,25.0,0,0,7.05,0,1,1,1,3,1,0,0,0,1,0,0,1
786,0.0,3,25.0,0,0,7.25,0,1,1,1,3,1,0,0,0,1,0,0,1
787,1.0,3,18.0,0,0,7.4958,0,2,1,1,2,1,1,0,0,1,0,0,1
788,0.0,3,8.0,4,1,29.125,0,4,6,0,1,3,0,0,1,0,0,0,1
789,1.0,3,1.0,1,2,20.575,0,4,4,0,1,3,0,0,0,1,0,0,1
790,0.0,1,46.0,0,0,79.2,1,1,1,1,3,4,0,1,0,0,1,0,0
791,0.0,3,25.0,0,0,7.75,0,1,1,1,3,1,0,0,1,0,0,0,1
792,0.0,2,16.0,0,0,26.0,0,1,1,1,2,3,0,0,0,1,0,1,0
793,0.0,3,22.0,8,2,69.55,0,2,11,0,3,4,1,0,0,1,0,0,1
794,0.0,1,42.0,0,0,30.6958,0,1,1,1,3,3,0,1,0,0,1,0,0
795,0.0,3,25.0,0,0,7.8958,0,1,1,1,3,1,0,0,0,1,0,0,1
796,0.0,2,39.0,0,0,13.0,0,1,1,1,3,2,0,0,0,1,0,1,0
797,1.0,1,49.0,0,0,25.9292,1,5,1,1,3,3,1,0,0,1,1,0,0
798,1.0,3,31.0,0,0,8.6833,0,3,1,1,3,2,1,0,0,1,0,0,1
799,0.0,3,30.0,0,0,7.2292,0,1,1,1,3,1,0,1,0,0,0,0,1
800,0.0,3,30.0,1,1,24.15,0,3,3,0,3,3,1,0,0,1,0,0,1
801,0.0,2,34.0,0,0,13.0,0,1,1,1,3,2,0,0,0,1,0,1,0
802,1.0,2,31.0,1,1,26.25,0,3,3,0,3,3,1,0,0,1,0,1,0
803,1.0,1,11.0,1,2,120.0,1,4,4,0,1,4,0,0,0,1,1,0,0
804,1.0,3,0.42,0,1,8.5167,0,4,2,0,1,2,0,1,0,0,0,0,1
805,1.0,3,27.0,0,0,6.975,0,1,1,1,3,1,0,0,0,1,0,0,1
806,0.0,3,31.0,0,0,7.775,0,1,1,1,3,1,0,0,0,1,0,0,1
807,0.0,1,39.0,0,0,0.0,1,1,1,1,3,1,0,0,0,1,1,0,0
808,0.0,3,18.0,0,0,7.775,0,2,1,1,2,1,1,0,0,1,0,0,1
809,0.0,2,39.0,0,0,13.0,0,1,1,1,3,2,0,0,0,1,0,1,0
810,1.0,1,33.0,1,0,53.1,1,3,2,0,3,4,1,0,0,1,1,0,0
811,0.0,3,26.0,0,0,7.8875,0,1,1,1,3,1,0,0,0,1,0,0,1
812,0.0,3,39.0,0,0,24.15,0,1,1,1,3,3,0,0,0,1,0,0,1
813,0.0,2,35.0,0,0,10.5,0,1,1,1,3,2,0,0,0,1,0,1,0
814,0.0,3,6.0,4,2,31.275,0,2,7,0,1,3,1,0,0,1,0,0,1
815,0.0,3,30.5,0,0,8.05,0,1,1,1,3,2,0,0,0,1,0,0,1
816,0.0,1,42.0,0,0,0.0,1,1,1,1,3,1,0,0,0,1,1,0,0
817,0.0,3,23.0,0,0,7.925,0,2,1,1,3,2,1,0,0,1,0,0,1
818,0.0,2,31.0,1,1,37.0042,0,1,3,0,3,4,0,1,0,0,0,1,0
819,0.0,3,43.0,0,0,6.45,0,1,1,1,3,1,0,0,0,1,0,0,1
820,0.0,3,10.0,3,2,27.9,0,4,6,0,1,3,0,0,0,1,0,0,1
821,1.0,1,52.0,1,1,93.5,1,3,3,0,3,4,1,0,0,1,1,0,0
822,1.0,3,27.0,0,0,8.6625,0,1,1,1,3,2,0,0,0,1,0,0,1
823,0.0,1,38.0,0,0,0.0,0,5,1,1,3,1,0,0,0,1,1,0,0
824,1.0,3,27.0,0,1,12.475,1,3,2,0,3,2,1,0,0,1,0,0,1
825,0.0,3,2.0,4,1,39.6875,0,4,6,0,1,4,0,0,0,1,0,0,1
826,0.0,3,25.0,0,0,6.95,0,1,1,1,3,1,0,0,1,0,0,0,1
827,0.0,3,25.0,0,0,56.4958,0,1,1,1,3,4,0,0,0,1,0,0,1
828,1.0,2,1.0,0,2,37.0042,0,4,3,0,1,4,0,1,0,0,0,1,0
829,1.0,3,25.0,0,0,7.75,0,1,1,1,3,1,0,0,1,0,0,0,1
830,1.0,1,62.0,0,0,80.0,1,3,1,1,4,4,1,0,0,1,1,0,0
831,1.0,3,15.0,1,0,14.4542,0,3,2,0,2,2,1,1,0,0,0,0,1
832,1.0,2,0.83,1,1,18.75,0,4,3,0,1,3,0,0,0,1,0,1,0
833,0.0,3,25.0,0,0,7.2292,0,1,1,1,3,1,0,1,0,0,0,0,1
834,0.0,3,23.0,0,0,7.8542,0,1,1,1,3,1,0,0,0,1,0,0,1
835,0.0,3,18.0,0,0,8.3,0,1,1,1,2,2,0,0,0,1,0,0,1
836,1.0,1,39.0,1,1,83.1583,1,2,3,0,3,4,1,1,0,0,1,0,0
837,0.0,3,21.0,0,0,8.6625,0,1,1,1,3,2,0,0,0,1,0,0,1
838,0.0,3,25.0,0,0,8.05,0,1,1,1,3,2,0,0,0,1,0,0,1
839,1.0,3,32.0,0,0,56.4958,0,1,1,1,3,4,0,0,0,1,0,0,1
840,1.0,1,42.0,0,0,29.7,1,1,1,1,3,3,0,1,0,0,1,0,0
841,0.0,3,20.0,0,0,7.925,0,1,1,1,3,2,0,0,0,1,0,0,1
842,0.0,2,16.0,0,0,10.5,0,1,1,1,2,2,0,0,0,1,0,1,0
843,1.0,1,30.0,0,0,31.0,0,2,1,1,3,3,1,1,0,0,1,0,0
844,0.0,3,34.5,0,0,6.4375,0,1,1,1,3,1,0,1,0,0,0,0,1
845,0.0,3,17.0,0,0,8.6625,0,1,1,1,2,2,0,0,0,1,0,0,1
846,0.0,3,42.0,0,0,7.55,0,1,1,1,3,1,0,0,0,1,0,0,1
847,0.0,3,25.0,8,2,69.55,0,1,11,0,3,4,0,0,0,1,0,0,1
848,0.0,3,35.0,0,0,7.8958,0,1,1,1,3,1,0,1,0,0,0,0,1
849,0.0,2,28.0,0,1,33.0,0,5,2,0,3,4,0,0,0,1,0,1,0
850,1.0,1,36.0,1,0,89.1042,1,3,2,0,3,4,1,1,0,0,1,0,0
851,0.0,3,4.0,4,2,31.275,0,4,7,0,1,3,0,0,0,1,0,0,1
852,0.0,3,74.0,0,0,7.775,0,1,1,1,4,1,0,0,0,1,0,0,1
853,0.0,3,9.0,1,1,15.2458,0,2,3,0,1,3,1,1,0,0,0,0,1
854,1.0,1,16.0,0,1,39.4,1,2,2,0,2,4,1,0,0,1,1,0,0
855,0.0,2,44.0,1,0,26.0,0,3,2,0,3,3,1,0,0,1,0,1,0
856,1.0,3,18.0,0,1,9.35,0,3,2,0,2,2,1,0,0,1,0,0,1
857,1.0,1,45.0,1,1,133.65,0,3,3,0,3,4,1,0,0,1,1,0,0
858,1.0,1,51.0,0,0,26.55,1,1,1,1,3,3,0,0,0,1,1,0,0
859,1.0,3,24.0,0,3,19.2583,0,3,4,0,3,3,1,1,0,0,0,0,1
860,0.0,3,25.0,0,0,7.2292,0,1,1,1,3,1,0,1,0,0,0,0,1
861,0.0,3,41.0,2,0,14.1083,0,1,3,0,3,2,0,0,0,1,0,0,1
862,0.0,2,21.0,1,0,11.5,0,1,2,0,3,2,0,0,0,1,0,1,0
863,1.0,1,48.0,0,0,25.9292,1,3,1,1,3,3,1,0,0,1,1,0,0
864,0.0,3,22.0,8,2,69.55,0,2,11,0,3,4,1,0,0,1,0,0,1
865,0.0,2,24.0,0,0,13.0,0,1,1,1,3,2,0,0,0,1,0,1,0
866,1.0,2,42.0,0,0,13.0,0,3,1,1,3,2,1,0,0,1,0,1,0
867,1.0,2,27.0,1,0,13.8583,0,2,2,0,3,2,1,1,0,0,0,1,0
868,0.0,1,31.0,0,0,50.4958,1,1,1,1,3,4,0,0,0,1,1,0,0
869,0.0,3,25.0,0,0,9.5,0,1,1,1,3,2,0,0,0,1,0,0,1
870,1.0,3,4.0,1,1,11.1333,0,4,3,0,1,2,0,0,0,1,0,0,1
871,0.0,3,26.0,0,0,7.8958,0,1,1,1,3,1,0,0,0,1,0,0,1
872,1.0,1,47.0,1,1,52.5542,1,3,3,0,3,4,1,0,0,1,1,0,0
873,0.0,1,33.0,0,0,5.0,1,1,1,1,3,1,0,0,0,1,1,0,0
874,0.0,3,47.0,0,0,9.0,0,1,1,1,3,2,0,0,0,1,0,0,1
875,1.0,2,28.0,1,0,24.0,0,3,2,0,3,3,1,1,0,0,0,1,0
876,1.0,3,15.0,0,0,7.225,0,2,1,1,2,1,1,1,0,0,0,0,1
877,0.0,3,20.0,0,0,9.8458,0,1,1,1,3,2,0,0,0,1,0,0,1
878,0.0,3,19.0,0,0,7.8958,0,1,1,1,3,1,0,0,0,1,0,0,1
879,0.0,3,25.0,0,0,7.8958,0,1,1,1,3,1,0,0,0,1,0,0,1
880,1.0,1,56.0,0,1,83.1583,1,3,2,0,3,4,1,1,0,0,1,0,0
881,1.0,2,25.0,0,1,26.0,0,3,2,0,3,3,1,0,0,1,0,1,0
882,0.0,3,33.0,0,0,7.8958,0,1,1,1,3,1,0,0,0,1,0,0,1
883,0.0,3,22.0,0,0,10.5167,0,2,1,1,3,2,1,0,0,1,0,0,1
884,0.0,2,28.0,0,0,10.5,0,1,1,1,3,2,0,0,0,1,0,1,0
885,0.0,3,25.0,0,0,7.05,0,1,1,1,3,1,0,0,0,1,0,0,1
886,0.0,3,39.0,0,5,29.125,0,3,6,0,3,3,1,0,1,0,0,0,1
887,0.0,2,27.0,0,0,13.0,0,5,1,1,3,2,0,0,0,1,0,1,0
888,1.0,1,19.0,0,0,30.0,1,2,1,1,3,3,1,0,0,1,1,0,0
889,0.0,3,22.0,1,2,23.45,0,2,4,0,3,3,1,0,0,1,0,0,1
890,1.0,1,26.0,0,0,30.0,1,1,1,1,3,3,0,1,0,0,1,0,0
891,0.0,3,32.0,0,0,7.75,0,1,1,1,3,1,0,0,1,0,0,0,1
